ts,sym,side,leg,tid,anchor,depth,entry_px,qty,mid_at_fill
2026-09-16 02:47:08.452,BULLAUSDT,SHORT,M,T0001:M,0.0648275,0.08,0.070192,142.0,0.070187
2026-09-16 12:13:39.532,BULLAUSDT,SHORT,M,T0001:M,0.1020065,0.08,0.1112684,90.0,0.11009
2026-09-16 15:20:20.545,BULLAUSDT,SHORT,M,T0002:M,0.078029,0.08,0.084466,118.0,0.08579300000000001
2026-09-18 10:56:30.939,GUSDT,SHORT,M,T0001:M,0.007424999999999999,0.06,0.007911,1266.0,0.007807
2026-09-18 10:56:31.455,GUSDT,SHORT,M,T0002:M,0.007424999999999999,0.06,0.007906,1266.0,0.007797
2026-09-18 10:56:32.087,GUSDT,SHORT,M,T0004:M,0.007424999999999999,0.06,0.0079012,1264.0,0.0077695
2026-09-18 10:56:32.518,GUSDT,SHORT,M,T0003:M,0.007424999999999999,0.06,0.007903,1266.0,0.0077695
2026-09-18 10:56:32.907,GUSDT,SHORT,M,T0005:M,0.007424999999999999,0.06,0.007919,1264.0,0.0077695
2026-09-18 10:56:33.282,GUSDT,SHORT,M,T0010:M,0.007424999999999999,0.06,0.0078869,1269.0,0.0077695
2026-09-18 10:56:33.668,GUSDT,SHORT,M,T0009:M,0.007424999999999999,0.06,0.007888,1264.0,0.0077695
2026-09-18 10:56:34.081,GUSDT,SHORT,M,T0006:M,0.007424999999999999,0.06,0.007901,1264.0,0.0077695
2026-09-18 10:56:34.449,GUSDT,SHORT,M,T0007:M,0.007424999999999999,0.06,0.0078971,1264.0,0.0077695
2026-09-18 10:56:34.798,GUSDT,SHORT,M,T0014:M,0.007424999999999999,0.06,0.007828,1270.0,0.0077695
2026-09-18 10:56:35.143,GUSDT,SHORT,M,T0015:M,0.007424999999999999,0.06,0.00783,1270.0,0.0077695
2026-09-18 10:56:35.542,GUSDT,SHORT,M,T0013:M,0.007424999999999999,0.06,0.007858,1270.0,0.0077695
2026-09-18 10:56:35.947,GUSDT,SHORT,M,T0011:M,0.007424999999999999,0.06,0.0078776,1269.0,0.0077695
2026-09-18 10:56:36.325,GUSDT,SHORT,M,T0016:M,0.007424999999999999,0.06,0.007812,1270.0,0.0077695
2026-09-18 10:56:36.706,GUSDT,SHORT,M,T0008:M,0.007424999999999999,0.06,0.007865,1264.0,0.0077695
2026-09-18 10:56:37.068,GUSDT,SHORT,M,T0012:M,0.007424999999999999,0.06,0.00787,1270.0,0.0077695
2026-09-18 10:56:37.603,GUSDT,SHORT,M,T0017:M,0.007424999999999999,0.06,0.007806,1270.0,0.007792
2026-09-18 10:56:38.754,GUSDT,SHORT,M,T0018:M,0.007424999999999999,0.06,0.007806,1270.0,0.007807
2026-09-18 10:56:48.504,GUSDT,SHORT,M,T0019:M,0.007424999999999999,0.06,0.007798,1270.0,0.007903
2026-09-18 10:56:50.804,GUSDT,SHORT,M,T0020:M,0.007424999999999999,0.06,0.007895,1270.0,0.007893500000000001
2026-09-18 10:56:51.724,GUSDT,SHORT,M,T0021:M,0.007424999999999999,0.06,0.007893,1270.0,0.0078905
2026-09-18 10:56:52.334,GUSDT,SHORT,M,T0023:M,0.007424999999999999,0.06,0.00789,1270.0,0.007890999999999999
2026-09-18 10:56:52.695,GUSDT,SHORT,M,T0024:M,0.007424999999999999,0.06,0.00789,1270.0,0.007890999999999999
2026-09-18 10:56:53.072,GUSDT,SHORT,M,T0026:M,0.007424999999999999,0.06,0.007888,1270.0,0.007890999999999999
2026-09-18 10:56:53.474,GUSDT,SHORT,M,T0022:M,0.007424999999999999,0.06,0.007888,1270.0,0.007890999999999999
2026-09-18 10:56:53.984,GUSDT,SHORT,M,T0027:M,0.007424999999999999,0.06,0.007889,1270.0,0.007890999999999999
2026-09-18 10:56:54.324,GUSDT,SHORT,M,T0029:M,0.007424999999999999,0.06,0.007889,1269.0,0.007890999999999999
2026-09-18 10:56:54.671,GUSDT,SHORT,M,T0025:M,0.007424999999999999,0.06,0.00789,1270.0,0.007890999999999999
2026-09-18 10:56:54.979,GUSDT,SHORT,M,T0030:M,0.007424999999999999,0.06,0.007889,1269.0,0.007890999999999999
2026-09-18 10:56:55.379,GUSDT,SHORT,M,T0028:M,0.007424999999999999,0.06,0.00789,1270.0,0.007890999999999999
2026-09-18 10:56:56.282,GUSDT,SHORT,M,T0031:M,0.007424999999999999,0.06,0.007891,1269.0,0.0078955
2026-09-18 10:56:56.632,GUSDT,SHORT,M,T0032:M,0.007424999999999999,0.06,0.007892,1268.0,0.0078955
2026-09-18 10:56:56.988,GUSDT,SHORT,M,T0033:M,0.007424999999999999,0.06,0.0078957,1265.0,0.0078955
2026-09-18 10:56:58.350,GUSDT,SHORT,M,T0034:M,0.007424999999999999,0.06,0.007895,1265.0,0.007893500000000001
2026-09-18 10:57:00.808,GUSDT,SHORT,M,T0035:M,0.007424999999999999,0.06,0.007907,1265.0,0.0078985
2026-09-18 10:57:01.431,GUSDT,SHORT,M,T0036:M,0.007424999999999999,0.06,0.007889,1265.0,0.007898
2026-09-18 10:57:01.910,GUSDT,SHORT,M,T0037:M,0.007424999999999999,0.06,0.007898,1267.0,0.0078965
2026-09-18 10:57:02.440,GUSDT,SHORT,M,T0038:M,0.007424999999999999,0.06,0.007901,1265.0,0.007895
2026-09-18 10:57:03.100,GUSDT,SHORT,M,T0039:M,0.007424999999999999,0.06,0.007897,1265.0,0.007895
2026-09-18 10:57:03.703,GUSDT,SHORT,M,T0040:M,0.007424999999999999,0.06,0.007897,1267.0,0.0078945
2026-09-18 10:57:04.960,GUSDT,SHORT,M,T0041:M,0.007424999999999999,0.06,0.0079,1266.0,0.0078955
2026-09-18 10:57:06.268,GUSDT,SHORT,M,T0042:M,0.007424999999999999,0.06,0.007916,1265.0,0.007895
2026-09-18 10:57:06.796,GUSDT,SHORT,M,T0043:M,0.007424999999999999,0.06,0.0078367,1266.0,0.0078955
2026-09-18 10:57:07.291,GUSDT,SHORT,M,T0044:M,0.007424999999999999,0.06,0.007823,1263.0,0.0078965
2026-09-18 10:57:07.859,GUSDT,SHORT,M,T0045:M,0.007424999999999999,0.06,0.007814,1265.0,0.007896
2026-09-18 10:57:08.281,GUSDT,SHORT,M,T0046:M,0.007424999999999999,0.06,0.0078,1270.0,0.007896
2026-09-18 10:57:08.785,GUSDT,SHORT,M,T0047:M,0.007424999999999999,0.06,0.007826,1265.0,0.0078965
2026-09-18 10:57:12.795,GUSDT,SHORT,M,T0048:M,0.007424999999999999,0.06,0.007832,1265.0,0.0079235
2026-09-18 10:57:17.492,GUSDT,SHORT,M,T0049:M,0.007424999999999999,0.06,0.007822,1270.0,0.007895
2026-09-18 10:57:21.758,GUSDT,SHORT,M,T0050:M,0.007424999999999999,0.06,0.007788,1270.0,0.0078125
2026-09-18 10:57:23.702,GUSDT,SHORT,M,T0051:M,0.007424999999999999,0.06,0.007783,1270.0,0.007821000000000002
2026-09-18 10:57:24.314,GUSDT,SHORT,M,T0052:M,0.007424999999999999,0.06,0.007825,1270.0,0.0078175
2026-09-18 10:57:24.972,GUSDT,SHORT,M,T0053:M,0.007424999999999999,0.06,0.007807,1270.0,0.0078155
2026-09-18 10:57:26.590,GUSDT,SHORT,M,T0054:M,0.007424999999999999,0.06,0.007816,1270.0,0.00784
2026-09-18 10:57:27.555,GUSDT,SHORT,M,T0055:M,0.007424999999999999,0.06,0.007822,1270.0,0.0078295
2026-09-18 10:57:28.456,GUSDT,SHORT,M,T0056:M,0.007424999999999999,0.06,0.007835,1269.0,0.007848500000000001
2026-09-18 10:57:28.928,GUSDT,SHORT,M,T0057:M,0.007424999999999999,0.06,0.007844,1270.0,0.0078125
2026-09-18 10:57:29.836,GUSDT,SHORT,M,T0058:M,0.007424999999999999,0.06,0.007847,1270.0,0.007789
2026-09-18 10:57:31.107,GUSDT,SHORT,M,T0059:M,0.007424999999999999,0.06,0.0077879,1270.0,0.007797999999999999
2026-09-18 10:57:31.946,GUSDT,SHORT,M,T0060:M,0.007424999999999999,0.06,0.007792,1270.0,0.007814999999999999
2026-09-18 10:57:32.455,GUSDT,SHORT,M,T0061:M,0.007424999999999999,0.06,0.007804,1270.0,0.0078125
2026-09-18 10:57:33.279,GUSDT,SHORT,M,T0062:M,0.007424999999999999,0.06,0.007814,1270.0,0.007811
2026-09-18 10:57:33.667,GUSDT,SHORT,M,T0063:M,0.007424999999999999,0.06,0.007811,1270.0,0.0078119999999999995
2026-09-18 10:57:34.008,GUSDT,SHORT,M,T0064:M,0.007424999999999999,0.06,0.007812,1270.0,0.0078119999999999995
2026-09-18 10:57:34.448,GUSDT,SHORT,M,T0065:M,0.007424999999999999,0.06,0.007812,1269.0,0.0078165
2026-09-18 10:57:35.788,GUSDT,SHORT,M,T0066:M,0.007424999999999999,0.06,0.007811,1269.0,0.0078305
2026-09-18 10:57:36.432,GUSDT,SHORT,M,T0067:M,0.007424999999999999,0.06,0.007809,1269.0,0.007828499999999999
2026-09-18 10:57:39.957,GUSDT,SHORT,M,T0068:M,0.007424999999999999,0.06,0.007835,1269.0,0.0078084999999999995
2026-09-18 10:57:41.041,GUSDT,SHORT,M,T0069:M,0.007424999999999999,0.06,0.007813,1269.0,0.007811
2026-09-18 10:57:41.906,GUSDT,SHORT,M,T0070:M,0.007424999999999999,0.06,0.0078168,1269.0,0.0078295
2026-09-18 10:57:42.801,GUSDT,SHORT,M,T0077:M,0.007424999999999999,0.06,0.007812,1268.0,0.0078295
2026-09-18 10:57:43.190,GUSDT,SHORT,M,T0075:M,0.007424999999999999,0.06,0.007812,1268.0,0.0078295
2026-09-18 10:57:43.694,GUSDT,SHORT,M,T0073:M,0.007424999999999999,0.06,0.007811,1270.0,0.0078295
2026-09-18 10:57:44.221,GUSDT,SHORT,M,T0071:M,0.007424999999999999,0.06,0.007817,1270.0,0.0078295
2026-09-18 10:57:44.808,GUSDT,SHORT,M,T0072:M,0.007424999999999999,0.06,0.007817,1270.0,0.0078295
2026-09-18 10:57:45.384,GUSDT,SHORT,M,T0076:M,0.007424999999999999,0.06,0.007812,1268.0,0.0078295
2026-09-18 10:57:45.895,GUSDT,SHORT,M,T0074:M,0.007424999999999999,0.06,0.007812,1268.0,0.0078295
2026-09-18 10:57:46.739,GUSDT,SHORT,M,T0078:M,0.007424999999999999,0.06,0.00781,1268.0,0.0078285
2026-09-18 10:57:54.670,GUSDT,SHORT,M,T0079:M,0.007424999999999999,0.06,0.007828,1268.0,0.007807
2026-09-18 10:57:56.148,GUSDT,SHORT,M,T0080:M,0.007424999999999999,0.06,0.007787,1268.0,0.0078055
2026-09-18 10:57:57.324,GUSDT,SHORT,M,T0081:M,0.007424999999999999,0.06,0.007801,1268.0,0.007796
2026-09-18 10:57:58.358,GUSDT,SHORT,M,T0082:M,0.007424999999999999,0.06,0.0078,1268.0,0.007807
2026-09-18 10:57:59.398,GUSDT,SHORT,M,T0083:M,0.007424999999999999,0.06,0.007804,1268.0,0.007824999999999999
2026-09-18 10:58:00.708,GUSDT,SHORT,M,T0084:M,0.007424999999999999,0.06,0.007828,1268.0,0.007825499999999999
2026-09-18 10:58:02.161,GUSDT,SHORT,M,T0085:M,0.007424999999999999,0.06,0.007823,1268.0,0.007814
2026-09-18 10:58:03.266,GUSDT,SHORT,M,T0086:M,0.007424999999999999,0.06,0.0078153,1268.0,0.007811500000000001
2026-09-18 10:58:04.234,GUSDT,SHORT,M,T0087:M,0.007424999999999999,0.06,0.00781,1268.0,0.0078060000000000004
2026-09-18 10:58:05.257,GUSDT,SHORT,M,T0088:M,0.007424999999999999,0.06,0.00781,1268.0,0.00781
2026-09-18 10:58:06.286,GUSDT,SHORT,M,T0089:M,0.007424999999999999,0.06,0.007807,1269.0,0.0078125
2026-09-18 10:58:07.405,GUSDT,SHORT,M,T0090:M,0.007424999999999999,0.06,0.007808,1269.0,0.0078065
2026-09-18 10:58:08.252,GUSDT,SHORT,M,T0091:M,0.007424999999999999,0.06,0.007815,1269.0,0.0078084999999999995
2026-09-18 10:58:08.746,GUSDT,SHORT,M,T0092:M,0.007424999999999999,0.06,0.007806,1269.0,0.0077795
2026-09-18 10:58:09.763,GUSDT,SHORT,M,T0093:M,0.007424999999999999,0.06,0.007784,1270.0,0.0077800000000000005
2026-09-18 10:58:10.997,GUSDT,SHORT,M,T0094:M,0.007424999999999999,0.06,0.007782,1270.0,0.007821
2026-09-18 10:58:11.804,GUSDT,SHORT,M,T0095:M,0.007424999999999999,0.06,0.0078166,1270.0,0.0078095000000000005
2026-09-18 10:58:12.244,GUSDT,SHORT,M,T0096:M,0.007424999999999999,0.06,0.007809,1270.0,0.0078095000000000005
2026-09-18 10:58:12.980,GUSDT,SHORT,M,T0098:M,0.007424999999999999,0.06,0.007808,1270.0,0.0078084999999999995
2026-09-18 10:58:13.294,GUSDT,SHORT,M,T0099:M,0.007424999999999999,0.06,0.007808,1270.0,0.0078084999999999995
2026-09-18 10:58:13.602,GUSDT,SHORT,M,T0097:M,0.007424999999999999,0.06,0.007808,1270.0,0.0078084999999999995
2026-09-18 10:58:14.751,GUSDT,SHORT,M,T0100:M,0.007424999999999999,0.06,0.007807,1270.0,0.0078465
2026-09-18 10:58:15.632,GUSDT,SHORT,M,T0101:M,0.007424999999999999,0.06,0.007807,1270.0,0.0078515
2026-09-18 10:58:16.607,GUSDT,SHORT,M,T0102:M,0.007424999999999999,0.06,0.007847,1270.0,0.0078435
2026-09-18 10:58:17.495,GUSDT,SHORT,M,T0103:M,0.007424999999999999,0.06,0.007847,1270.0,0.007842
2026-09-18 10:58:18.410,GUSDT,SHORT,M,T0104:M,0.007424999999999999,0.06,0.007842,1270.0,0.0078435
2026-09-18 10:58:18.862,GUSDT,SHORT,M,T0105:M,0.007424999999999999,0.06,0.007816,1270.0,0.0078455
2026-09-18 10:58:19.178,GUSDT,SHORT,M,T0106:M,0.007424999999999999,0.06,0.007818,1270.0,0.0078455
2026-09-18 10:58:19.791,GUSDT,SHORT,M,T0107:M,0.007424999999999999,0.06,0.007825,1270.0,0.0078455
2026-09-18 10:58:20.344,GUSDT,SHORT,M,T0108:M,0.007424999999999999,0.06,0.007824,1270.0,0.007823
2026-09-18 10:58:21.462,GUSDT,SHORT,M,T0109:M,0.007424999999999999,0.06,0.007843,1270.0,0.007801499999999999
2026-09-18 10:58:23.184,GUSDT,SHORT,M,T0110:M,0.007424999999999999,0.06,0.0078425,1270.0,0.007818
2026-09-18 10:58:23.718,GUSDT,SHORT,M,T0111:M,0.007424999999999999,0.06,0.007797,1270.0,0.007811500000000001
2026-09-18 10:58:26.220,GUSDT,SHORT,M,T0112:M,0.007424999999999999,0.06,0.00781,1270.0,0.0078105
2026-09-18 10:58:27.384,GUSDT,SHORT,M,T0113:M,0.007424999999999999,0.06,0.007812,1270.0,0.007817000000000001
2026-09-18 10:58:28.192,GUSDT,SHORT,M,T0114:M,0.007424999999999999,0.06,0.0078143,1270.0,0.007817000000000001
2026-09-18 10:58:28.638,GUSDT,SHORT,M,T0115:M,0.007424999999999999,0.06,0.007814,1270.0,0.007821999999999999
2026-09-18 10:58:29.531,GUSDT,SHORT,M,T0116:M,0.007424999999999999,0.06,0.007816,1270.0,0.007813500000000001
2026-09-18 10:58:30.316,GUSDT,SHORT,M,T0117:M,0.007424999999999999,0.06,0.007816,1270.0,0.0078145
2026-09-18 10:58:31.034,GUSDT,SHORT,M,T0118:M,0.007424999999999999,0.06,0.007811,1270.0,0.0078045
2026-09-18 10:58:31.905,GUSDT,SHORT,M,T0119:M,0.007424999999999999,0.06,0.007813,1270.0,0.0077635
2026-09-18 10:58:33.181,GUSDT,SHORT,M,T0120:M,0.007424999999999999,0.06,0.007803,1270.0,0.007776
2026-09-18 10:58:34.214,GUSDT,SHORT,M,T0121:M,0.007424999999999999,0.06,0.007767,1270.0,0.0077845
2026-09-18 10:58:35.268,GUSDT,SHORT,M,T0122:M,0.007424999999999999,0.06,0.007785,1270.0,0.0078049999999999994
2026-09-18 10:58:36.127,GUSDT,SHORT,M,T0123:M,0.007424999999999999,0.06,0.007793,1270.0,0.0078045
2026-09-18 10:58:36.540,GUSDT,SHORT,M,T0124:M,0.007424999999999999,0.06,0.007792,1270.0,0.0078055
2026-09-18 10:58:37.310,GUSDT,SHORT,M,T0125:M,0.007424999999999999,0.06,0.007805,1270.0,0.007807
2026-09-18 10:58:38.562,GUSDT,SHORT,M,T0126:M,0.007424999999999999,0.06,0.0078021,1270.0,0.0078355
2026-09-18 10:58:39.526,GUSDT,SHORT,M,T0127:M,0.007424999999999999,0.06,0.007833,1270.0,0.007834
2026-09-18 10:58:40.488,GUSDT,SHORT,M,T0128:M,0.007424999999999999,0.06,0.007832,1270.0,0.0078375
2026-09-18 10:58:41.649,GUSDT,SHORT,M,T0129:M,0.007424999999999999,0.06,0.007839,1270.0,0.007855000000000001
2026-09-18 10:58:42.486,GUSDT,SHORT,M,T0130:M,0.007424999999999999,0.06,0.007853,1270.0,0.0078445
2026-09-18 10:58:42.831,GUSDT,SHORT,M,T0131:M,0.007424999999999999,0.06,0.007855,1270.0,0.007844
2026-09-18 10:58:43.297,GUSDT,SHORT,M,T0132:M,0.007424999999999999,0.06,0.007853,1270.0,0.0078465
2026-09-18 10:58:43.689,GUSDT,SHORT,M,T0133:M,0.007424999999999999,0.06,0.007853,1270.0,0.0078465
2026-09-18 10:58:46.578,GUSDT,SHORT,M,T0134:M,0.007424999999999999,0.06,0.007845,1270.0,0.0078535
2026-09-18 10:58:47.855,GUSDT,SHORT,M,T0135:M,0.007424999999999999,0.06,0.007848,1270.0,0.0078595
2026-09-18 10:58:49.053,GUSDT,SHORT,M,T0136:M,0.007424999999999999,0.06,0.00785,1270.0,0.0078295
2026-09-18 10:58:50.276,GUSDT,SHORT,M,T0137:M,0.007424999999999999,0.06,0.007868,1270.0,0.0078195
2026-09-18 10:58:50.941,GUSDT,SHORT,M,T0138:M,0.007424999999999999,0.06,0.007828,1270.0,0.0078315
2026-09-18 10:58:52.434,GUSDT,SHORT,M,T0139:M,0.007424999999999999,0.06,0.007831,1270.0,0.0078295
2026-09-18 10:58:53.760,GUSDT,SHORT,M,T0140:M,0.007424999999999999,0.06,0.007831,1270.0,0.0078245
2026-09-18 10:58:54.682,GUSDT,SHORT,M,T0141:M,0.007424999999999999,0.06,0.007828,1270.0,0.007825
2026-09-18 10:58:55.639,GUSDT,SHORT,M,T0142:M,0.007424999999999999,0.06,0.007825,1270.0,0.007827
2026-09-18 10:58:56.834,GUSDT,SHORT,M,T0143:M,0.007424999999999999,0.06,0.007823,1270.0,0.007829
2026-09-18 10:58:58.078,GUSDT,SHORT,M,T0144:M,0.007424999999999999,0.06,0.00783,1270.0,0.007825499999999999
2026-09-18 10:58:59.511,GUSDT,SHORT,M,T0145:M,0.007424999999999999,0.06,0.007825,1270.0,0.007833
2026-09-18 10:59:00.885,GUSDT,SHORT,M,T0146:M,0.007424999999999999,0.06,0.007829,1270.0,0.0078365
2026-09-18 10:59:02.034,GUSDT,SHORT,M,T0147:M,0.007424999999999999,0.06,0.007836,1270.0,0.0078415
2026-09-18 10:59:03.053,GUSDT,SHORT,M,T0148:M,0.007424999999999999,0.06,0.007839,1270.0,0.007845999999999999
2026-09-18 10:59:04.115,GUSDT,SHORT,M,T0149:M,0.007424999999999999,0.06,0.007849,1270.0,0.0078495
2026-09-18 10:59:05.150,GUSDT,SHORT,M,T0150:M,0.007424999999999999,0.06,0.007844,1270.0,0.0078375
2026-09-18 10:59:06.208,GUSDT,SHORT,M,T0151:M,0.007424999999999999,0.06,0.007836,1270.0,0.007831
2026-09-18 10:59:07.156,GUSDT,SHORT,M,T0152:M,0.007424999999999999,0.06,0.0078297,1270.0,0.0078355
2026-09-18 10:59:08.057,GUSDT,SHORT,M,T0153:M,0.007424999999999999,0.06,0.00783,1270.0,0.007839
2026-09-18 10:59:08.542,GUSDT,SHORT,M,T0154:M,0.007424999999999999,0.06,0.007836,1270.0,0.007841
2026-09-18 10:59:09.455,GUSDT,SHORT,M,T0155:M,0.007424999999999999,0.06,0.007842,1270.0,0.0078385
2026-09-18 10:59:10.809,GUSDT,SHORT,M,T0156:M,0.007424999999999999,0.06,0.007844,1270.0,0.0078405
2026-09-18 10:59:11.532,GUSDT,SHORT,M,T0157:M,0.007424999999999999,0.06,0.007834,1270.0,0.007841
2026-09-18 10:59:11.993,GUSDT,SHORT,M,T0158:M,0.007424999999999999,0.06,0.007841,1270.0,0.0078355
2026-09-18 10:59:12.741,GUSDT,SHORT,M,T0159:M,0.007424999999999999,0.06,0.00784,1270.0,0.007831000000000001
2026-09-18 10:59:13.542,GUSDT,SHORT,M,T0160:M,0.007424999999999999,0.06,0.007831,1270.0,0.007825499999999999
2026-09-18 10:59:14.430,GUSDT,SHORT,M,T0161:M,0.007424999999999999,0.06,0.007833,1270.0,0.0078445
2026-09-18 10:59:15.680,GUSDT,SHORT,M,T0162:M,0.007424999999999999,0.06,0.007829,1270.0,0.007852000000000001
2026-09-18 10:59:16.277,GUSDT,SHORT,M,T0163:M,0.007424999999999999,0.06,0.007849,1270.0,0.007854
2026-09-18 10:59:17.466,GUSDT,SHORT,M,T0164:M,0.007424999999999999,0.06,0.00785,1270.0,0.007854
2026-09-18 10:59:18.513,GUSDT,SHORT,M,T0165:M,0.007424999999999999,0.06,0.007853,1270.0,0.007859999999999999
2026-09-18 10:59:19.399,GUSDT,SHORT,M,T0166:M,0.007424999999999999,0.06,0.007861,1270.0,0.0079045
2026-09-18 10:59:19.710,GUSDT,SHORT,M,T0167:M,0.007424999999999999,0.06,0.007859,1270.0,0.0079045
2026-09-18 10:59:20.215,GUSDT,SHORT,M,T0168:M,0.007424999999999999,0.06,0.0078591,1270.0,0.0079135
2026-09-18 10:59:20.707,GUSDT,SHORT,M,T0169:M,0.007424999999999999,0.06,0.0079,1270.0,0.0079205
2026-09-18 10:59:21.178,GUSDT,SHORT,M,T0170:M,0.007424999999999999,0.06,0.007914,1270.0,0.0079275
2026-09-18 10:59:21.557,GUSDT,SHORT,M,T0171:M,0.007424999999999999,0.06,0.007915,1270.0,0.0079185
2026-09-18 10:59:21.911,GUSDT,SHORT,M,T0172:M,0.007424999999999999,0.06,0.007919,1270.0,0.0079125
2026-09-18 10:59:22.349,GUSDT,SHORT,M,T0173:M,0.007424999999999999,0.06,0.007919,1270.0,0.0079035
2026-09-18 10:59:22.679,GUSDT,SHORT,M,T0175:M,0.007424999999999999,0.06,0.007931,1270.0,0.0079035
2026-09-18 10:59:22.994,GUSDT,SHORT,M,T0174:M,0.007424999999999999,0.06,0.007932,1270.0,0.0079035
2026-09-18 10:59:23.294,GUSDT,SHORT,M,T0176:M,0.007424999999999999,0.06,0.007928,1270.0,0.0079035
2026-09-18 10:59:23.648,GUSDT,SHORT,M,T0177:M,0.007424999999999999,0.06,0.007927,1270.0,0.0079035
2026-09-18 10:59:24.292,GUSDT,SHORT,M,T0178:M,0.007424999999999999,0.06,0.007926,1270.0,0.007932999999999999
2026-09-18 10:59:25.147,GUSDT,SHORT,M,T0179:M,0.007424999999999999,0.06,0.007916,1270.0,0.0079325
2026-09-18 10:59:25.735,GUSDT,SHORT,M,T0180:M,0.007424999999999999,0.06,0.007903,1270.0,0.007922
2026-09-18 10:59:26.621,GUSDT,SHORT,M,T0181:M,0.007424999999999999,0.06,0.0079206,1270.0,0.007921999999999998
2026-09-18 10:59:27.038,GUSDT,SHORT,M,T0183:M,0.007424999999999999,0.06,0.007931,1270.0,0.0079195
2026-09-18 10:59:27.360,GUSDT,SHORT,M,T0185:M,0.007424999999999999,0.06,0.007933,1270.0,0.0079195
2026-09-18 10:59:27.678,GUSDT,SHORT,M,T0182:M,0.007424999999999999,0.06,0.007935,1270.0,0.0079195
2026-09-18 10:59:27.974,GUSDT,SHORT,M,T0184:M,0.007424999999999999,0.06,0.007932,1270.0,0.0079195
2026-09-18 10:59:28.292,GUSDT,SHORT,M,T0186:M,0.007424999999999999,0.06,0.007936,1270.0,0.0079195
2026-09-18 10:59:28.776,GUSDT,SHORT,M,T0190:M,0.007424999999999999,0.06,0.007929,1270.0,0.0079235
2026-09-18 10:59:29.095,GUSDT,SHORT,M,T0188:M,0.007424999999999999,0.06,0.007934,1270.0,0.0079235
2026-09-18 10:59:29.409,GUSDT,SHORT,M,T0191:M,0.007424999999999999,0.06,0.007928,1270.0,0.0079235
2026-09-18 10:59:29.718,GUSDT,SHORT,M,T0187:M,0.007424999999999999,0.06,0.007934,1270.0,0.0079235
2026-09-18 10:59:30.009,GUSDT,SHORT,M,T0189:M,0.007424999999999999,0.06,0.007934,1270.0,0.0079235
2026-09-18 10:59:30.760,GUSDT,SHORT,M,T0192:M,0.007424999999999999,0.06,0.00793,1270.0,0.0079375
2026-09-18 10:59:31.493,GUSDT,SHORT,M,T0193:M,0.007424999999999999,0.06,0.0079295,1270.0,0.007964
2026-09-18 10:59:31.818,GUSDT,SHORT,M,T0194:M,0.007424999999999999,0.06,0.007928,1270.0,0.007964
2026-09-18 10:59:32.544,GUSDT,SHORT,M,T0196:M,0.007424999999999999,0.06,0.007926,1269.0,0.007983500000000001
2026-09-18 10:59:32.880,GUSDT,SHORT,M,T0195:M,0.007424999999999999,0.06,0.007926,1270.0,0.007983500000000001
2026-09-18 10:59:33.820,GUSDT,SHORT,M,T0197:M,0.007424999999999999,0.06,0.007926,1269.0,0.007983500000000001
2026-09-18 10:59:34.136,GUSDT,SHORT,M,T0198:M,0.007424999999999999,0.06,0.007921,1269.0,0.007983500000000001
2026-09-18 10:59:35.907,GUSDT,SHORT,M,T0199:M,0.007424999999999999,0.06,0.007923,1269.0,0.007994000000000001
2026-09-18 10:59:41.767,GUSDT,SHORT,M,T0200:M,0.007424999999999999,0.06,0.007972,1269.0,0.0079755
2026-09-18 10:59:42.330,GUSDT,SHORT,M,T0201:M,0.007424999999999999,0.06,0.007958,1269.0,0.007976
2026-09-18 10:59:45.762,GUSDT,SHORT,M,T0202:M,0.007424999999999999,0.06,0.007974,1269.0,0.007975
2026-09-18 10:59:47.590,GUSDT,SHORT,M,T0203:M,0.007424999999999999,0.06,0.007975,1269.0,0.007952
2026-09-18 10:59:49.627,GUSDT,SHORT,M,T0204:M,0.007424999999999999,0.06,0.007963,1269.0,0.0079665
2026-09-18 10:59:51.823,GUSDT,SHORT,M,T0205:M,0.007424999999999999,0.06,0.007955,1269.0,0.007988499999999999
2026-09-18 10:59:52.815,GUSDT,SHORT,M,T0206:M,0.007424999999999999,0.06,0.007987,1269.0,0.0080045
2026-09-18 10:59:53.304,GUSDT,SHORT,M,T0207:M,0.007424999999999999,0.06,0.007995,1269.0,0.007999
2026-09-18 10:59:53.629,GUSDT,SHORT,M,T0208:M,0.007424999999999999,0.06,0.007994,1269.0,0.007999
2026-09-18 10:59:54.002,GUSDT,SHORT,M,T0209:M,0.007424999999999999,0.06,0.007996,1269.0,0.007999
2026-09-18 10:59:54.350,GUSDT,SHORT,M,T0210:M,0.007424999999999999,0.06,0.007997,1269.0,0.007999
2026-09-18 10:59:54.858,GUSDT,SHORT,M,T0211:M,0.007424999999999999,0.06,0.008001,1269.0,0.008003
2026-09-18 10:59:55.188,GUSDT,SHORT,M,T0212:M,0.007424999999999999,0.06,0.008003,1269.0,0.008003
2026-09-18 10:59:55.874,GUSDT,SHORT,M,T0213:M,0.007424999999999999,0.06,0.008003,1269.0,0.008013
2026-09-18 10:59:57.204,GUSDT,SHORT,M,T0214:M,0.007424999999999999,0.06,0.007996,1269.0,0.008015
2026-09-18 10:59:57.876,GUSDT,SHORT,M,T0215:M,0.007424999999999999,0.06,0.00801,1269.0,0.0080125
2026-09-18 10:59:58.465,GUSDT,SHORT,M,T0216:M,0.007424999999999999,0.06,0.008011,1269.0,0.008056
2026-09-18 11:00:04.113,GUSDT,SHORT,M,T0217:M,0.007424999999999999,0.06,0.008024,1269.0,0.008028
2026-09-18 11:00:05.129,GUSDT,SHORT,M,T0218:M,0.007424999999999999,0.06,0.00804,1269.0,0.008028
2026-09-18 11:00:12.117,GUSDT,SHORT,M,T0219:M,0.007424999999999999,0.06,0.00803,1269.0,0.008035500000000001
2026-09-18 11:00:16.250,GUSDT,SHORT,M,T0220:M,0.007424999999999999,0.06,0.008051,1269.0,0.007969
2026-09-18 11:00:17.848,GUSDT,SHORT,M,T0221:M,0.007424999999999999,0.06,0.007967,1269.0,0.0079655
2026-09-18 11:00:18.564,GUSDT,SHORT,M,T0222:M,0.007424999999999999,0.06,0.007975,1269.0,0.0079625
2026-09-18 11:00:19.312,GUSDT,SHORT,M,T0223:M,0.007424999999999999,0.06,0.007948,1269.0,0.007965
2026-09-18 11:00:21.133,GUSDT,SHORT,M,T0224:M,0.007424999999999999,0.06,0.007955,1269.0,0.007991000000000002
2026-09-18 11:00:21.818,GUSDT,SHORT,M,T0225:M,0.007424999999999999,0.06,0.007967,1269.0,0.0079895
2026-09-18 11:00:22.483,GUSDT,SHORT,M,T0226:M,0.007424999999999999,0.06,0.007989,1269.0,0.007991999999999999
2026-09-18 11:00:23.139,GUSDT,SHORT,M,T0227:M,0.007424999999999999,0.06,0.007992,1269.0,0.008
2026-09-18 11:00:24.089,GUSDT,SHORT,M,T0228:M,0.007424999999999999,0.06,0.007999,1269.0,0.0080015
2026-09-18 11:00:25.018,GUSDT,SHORT,M,T0229:M,0.007424999999999999,0.06,0.008,1269.0,0.008005
2026-09-18 11:00:28.225,GUSDT,SHORT,M,T0230:M,0.007424999999999999,0.06,0.008005,1269.0,0.008073
2026-09-18 11:00:32.060,GUSDT,SHORT,M,T0231:M,0.007424999999999999,0.06,0.008043,1269.0,0.0080885
2026-09-18 11:00:33.754,GUSDT,SHORT,M,T0232:M,0.007424999999999999,0.06,0.008076,1269.0,0.0080865
2026-09-18 11:00:34.746,GUSDT,SHORT,M,T0233:M,0.007424999999999999,0.06,0.008085,1269.0,0.008087
2026-09-18 11:00:35.532,GUSDT,SHORT,M,T0235:M,0.007424999999999999,0.06,0.008091,1269.0,0.008084999999999998
2026-09-18 11:00:35.928,GUSDT,SHORT,M,T0234:M,0.007424999999999999,0.06,0.008092,1269.0,0.008084999999999998
2026-09-18 11:00:36.280,GUSDT,SHORT,M,T0238:M,0.007424999999999999,0.06,0.008095,1269.0,0.008084999999999998
2026-09-18 11:00:36.650,GUSDT,SHORT,M,T0239:M,0.007424999999999999,0.06,0.008095,1269.0,0.008084999999999998
2026-09-18 11:00:36.975,GUSDT,SHORT,M,T0236:M,0.007424999999999999,0.06,0.008095,1269.0,0.008084999999999998
2026-09-18 11:00:37.313,GUSDT,SHORT,M,T0237:M,0.007424999999999999,0.06,0.008095,1269.0,0.008084999999999998
2026-09-18 11:00:37.896,GUSDT,SHORT,M,T0241:M,0.007424999999999999,0.06,0.008088,1269.0,0.0080825
2026-09-18 11:00:38.248,GUSDT,SHORT,M,T0240:M,0.007424999999999999,0.06,0.008095,1269.0,0.0080825
2026-09-18 11:00:39.789,GUSDT,SHORT,M,T0242:M,0.007424999999999999,0.06,0.008084,1269.0,0.008080500000000001
2026-09-18 11:00:40.763,GUSDT,SHORT,M,T0243:M,0.007424999999999999,0.06,0.008067,1269.0,0.008042500000000001
2026-09-18 11:00:41.474,GUSDT,SHORT,M,T0245:M,0.007424999999999999,0.06,0.008057,1269.0,0.0080505
2026-09-18 11:00:41.934,GUSDT,SHORT,M,T0244:M,0.007424999999999999,0.06,0.008056,1269.0,0.0080505
2026-09-18 11:00:42.700,GUSDT,SHORT,M,T0246:M,0.007424999999999999,0.06,0.0080431,1269.0,0.0080415
2026-09-18 11:00:43.021,GUSDT,SHORT,M,T0247:M,0.007424999999999999,0.06,0.008037,1269.0,0.0080415
2026-09-18 11:00:49.656,GUSDT,SHORT,M,T0248:M,0.007424999999999999,0.06,0.008042,1269.0,0.0080315
2026-09-18 11:00:55.067,GUSDT,SHORT,M,T0249:M,0.007424999999999999,0.06,0.008041,1269.0,0.007983500000000001
2026-09-18 11:00:59.060,GUSDT,SHORT,M,T0250:M,0.007424999999999999,0.06,0.008008,1269.0,0.008032000000000001
2026-09-18 11:01:04.287,GUSDT,SHORT,M,T0251:M,0.007424999999999999,0.06,0.008028,1269.0,0.007995
2026-09-18 11:01:05.325,GUSDT,SHORT,M,T0252:M,0.007424999999999999,0.06,0.007996,1269.0,0.007998499999999999
2026-09-18 11:01:06.304,GUSDT,SHORT,M,T0253:M,0.007424999999999999,0.06,0.00799,1269.0,0.0079955
2026-09-18 11:01:06.775,GUSDT,SHORT,M,T0254:M,0.007424999999999999,0.06,0.0079898,1269.0,0.0080015
2026-09-18 11:01:07.207,GUSDT,SHORT,M,T0255:M,0.007424999999999999,0.06,0.007995,1269.0,0.007997
2026-09-18 11:01:07.714,GUSDT,SHORT,M,T0256:M,0.007424999999999999,0.06,0.008001,1269.0,0.008036
2026-09-18 11:01:08.216,GUSDT,SHORT,M,T0257:M,0.007424999999999999,0.06,0.007995,1269.0,0.008036999999999999
2026-09-18 11:01:08.707,GUSDT,SHORT,M,T0258:M,0.007424999999999999,0.06,0.008031,1269.0,0.008043
2026-09-18 11:01:09.165,GUSDT,SHORT,M,T0259:M,0.007424999999999999,0.06,0.008035,1269.0,0.0080515
2026-09-18 11:01:09.632,GUSDT,SHORT,M,T0260:M,0.007424999999999999,0.06,0.008044,1269.0,0.0080585
2026-09-18 11:01:10.036,GUSDT,SHORT,M,T0261:M,0.007424999999999999,0.06,0.008041,1269.0,0.008055
2026-09-18 11:01:10.956,GUSDT,SHORT,M,T0262:M,0.007424999999999999,0.06,0.008046,1269.0,0.008053500000000002
2026-09-18 11:01:12.420,GUSDT,SHORT,M,T0263:M,0.007424999999999999,0.06,0.008054,1269.0,0.008036999999999999
2026-09-18 11:01:13.925,GUSDT,SHORT,M,T0264:M,0.007424999999999999,0.06,0.00805,1269.0,0.0080155
2026-09-18 11:01:15.021,GUSDT,SHORT,M,T0265:M,0.007424999999999999,0.06,0.0080301,1269.0,0.008024
2026-09-18 11:01:16.008,GUSDT,SHORT,M,T0266:M,0.007424999999999999,0.06,0.008022,1269.0,0.008036999999999999
2026-09-18 11:01:17.781,GUSDT,SHORT,M,T0267:M,0.007424999999999999,0.06,0.008035,1269.0,0.008021
2026-09-18 11:01:18.129,GUSDT,SHORT,M,T0268:M,0.007424999999999999,0.06,0.008037,1269.0,0.008021
2026-09-18 11:01:18.495,GUSDT,SHORT,M,T0270:M,0.007424999999999999,0.06,0.008035,1269.0,0.008021
2026-09-18 11:01:18.813,GUSDT,SHORT,M,T0269:M,0.007424999999999999,0.06,0.008033,1269.0,0.008021
2026-09-18 11:01:19.501,GUSDT,SHORT,M,T0271:M,0.007424999999999999,0.06,0.008036,1269.0,0.00802
2026-09-18 11:01:23.220,GUSDT,SHORT,M,T0272:M,0.007424999999999999,0.06,0.00803,1269.0,0.008049500000000001
2026-09-18 11:01:29.399,GUSDT,SHORT,M,T0273:M,0.007424999999999999,0.06,0.008024,1269.0,0.008035
2026-09-18 11:01:34.427,GUSDT,SHORT,M,T0274:M,0.007424999999999999,0.06,0.008034,1269.0,0.0080055
2026-09-18 11:01:36.398,GUSDT,SHORT,M,T0275:M,0.007424999999999999,0.06,0.008004,1269.0,0.007989
2026-09-18 11:01:37.454,GUSDT,SHORT,M,T0276:M,0.007424999999999999,0.06,0.007989,1269.0,0.007997
2026-09-18 11:01:38.040,GUSDT,SHORT,M,T0277:M,0.007424999999999999,0.06,0.007989,1269.0,0.0080055
2026-09-18 11:01:38.436,GUSDT,SHORT,M,T0278:M,0.007424999999999999,0.06,0.007989,1269.0,0.0080055
2026-09-18 11:01:38.851,GUSDT,SHORT,M,T0283:M,0.007424999999999999,0.06,0.007991,1269.0,0.0080055
2026-09-18 11:01:39.174,GUSDT,SHORT,M,T0286:M,0.007424999999999999,0.06,0.007987,1269.0,0.0080055
2026-09-18 11:01:39.497,GUSDT,SHORT,M,T0287:M,0.007424999999999999,0.06,0.007993,1269.0,0.0080055
2026-09-18 11:01:39.856,GUSDT,SHORT,M,T0279:M,0.007424999999999999,0.06,0.007994,1269.0,0.0080055
2026-09-18 11:01:40.191,GUSDT,SHORT,M,T0282:M,0.007424999999999999,0.06,0.007991,1269.0,0.0080055
2026-09-18 11:01:40.512,GUSDT,SHORT,M,T0281:M,0.007424999999999999,0.06,0.007991,1269.0,0.0080055
2026-09-18 11:01:40.852,GUSDT,SHORT,M,T0280:M,0.007424999999999999,0.06,0.007992,1269.0,0.0080055
2026-09-18 11:01:41.207,GUSDT,SHORT,M,T0285:M,0.007424999999999999,0.06,0.007986,1269.0,0.0080055
2026-09-18 11:01:42.147,GUSDT,SHORT,M,T0284:M,0.007424999999999999,0.06,0.007986,1269.0,0.0080055
2026-09-18 11:01:42.485,GUSDT,SHORT,M,T0288:M,0.007424999999999999,0.06,0.007995,1269.0,0.0080055
2026-09-18 11:01:46.608,GUSDT,SHORT,M,T0289:M,0.007424999999999999,0.06,0.008007,1269.0,0.008012499999999999
2026-09-18 11:01:48.237,GUSDT,SHORT,M,T0290:M,0.007424999999999999,0.06,0.008006,1269.0,0.008012
2026-09-18 11:01:48.921,GUSDT,SHORT,M,T0291:M,0.007424999999999999,0.06,0.00801,1269.0,0.0080105
2026-09-18 11:01:50.223,GUSDT,SHORT,M,T0292:M,0.007424999999999999,0.06,0.008009,1269.0,0.008008999999999999
2026-09-18 11:01:51.187,GUSDT,SHORT,M,T0293:M,0.007424999999999999,0.06,0.008012,1269.0,0.008004
2026-09-18 11:01:51.675,GUSDT,SHORT,M,T0294:M,0.007424999999999999,0.06,0.008008,1269.0,0.008011
2026-09-18 11:01:52.067,GUSDT,SHORT,M,T0295:M,0.007424999999999999,0.06,0.00801,1270.0,0.008006
2026-09-18 11:01:52.482,GUSDT,SHORT,M,T0296:M,0.007424999999999999,0.06,0.0080099,1270.0,0.008004
2026-09-18 11:01:52.847,GUSDT,SHORT,M,T0297:M,0.007424999999999999,0.06,0.008008,1270.0,0.008004
2026-09-18 11:01:53.612,GUSDT,SHORT,M,T0298:M,0.007424999999999999,0.06,0.008003,1270.0,0.008006
2026-09-18 11:01:54.519,GUSDT,SHORT,M,T0299:M,0.007424999999999999,0.06,0.00801,1270.0,0.008001999999999999
2026-09-18 11:01:58.983,GUSDT,SHORT,M,T0300:M,0.007424999999999999,0.06,0.007993,1270.0,0.007964
2026-09-18 11:02:01.867,GUSDT,SHORT,M,T0301:M,0.007424999999999999,0.06,0.007993,1270.0,0.0078235
2026-09-18 11:02:05.375,GUSDT,SHORT,M,T0302:M,0.007424999999999999,0.06,0.007894,1270.0,0.007839
2026-09-18 11:02:07.430,GUSDT,SHORT,M,T0303:M,0.007424999999999999,0.06,0.007851,1270.0,0.0078125
2026-09-18 11:02:08.014,GUSDT,SHORT,M,T0304:M,0.007424999999999999,0.06,0.007812,1270.0,0.007834
2026-09-18 11:02:09.220,GUSDT,SHORT,M,T0305:M,0.007424999999999999,0.06,0.007826,1270.0,0.0078335
2026-09-18 11:02:09.541,GUSDT,SHORT,M,T0306:M,0.007424999999999999,0.06,0.007823,1270.0,0.0078335
2026-09-18 11:02:09.867,GUSDT,SHORT,M,T0307:M,0.007424999999999999,0.06,0.007823,1270.0,0.0078335
2026-09-18 11:02:10.465,GUSDT,SHORT,M,T0309:M,0.007424999999999999,0.06,0.007817,1270.0,0.0078335
2026-09-18 11:02:10.828,GUSDT,SHORT,M,T0308:M,0.007424999999999999,0.06,0.007817,1270.0,0.0078335
2026-09-18 11:02:11.149,GUSDT,SHORT,M,T0311:M,0.007424999999999999,0.06,0.007813,1270.0,0.0078335
2026-09-18 11:02:11.482,GUSDT,SHORT,M,T0310:M,0.007424999999999999,0.06,0.007817,1270.0,0.0078335
2026-09-18 11:02:12.076,GUSDT,SHORT,M,T0312:M,0.007424999999999999,0.06,0.007814,1270.0,0.007857
2026-09-18 11:02:12.965,GUSDT,SHORT,M,T0314:M,0.007424999999999999,0.06,0.007814,1270.0,0.007884
2026-09-18 11:02:13.609,GUSDT,SHORT,M,T0313:M,0.007424999999999999,0.06,0.007814,1270.0,0.007884
2026-09-18 11:02:14.230,GUSDT,SHORT,M,T0315:M,0.007424999999999999,0.06,0.007816,1270.0,0.007884
2026-09-18 11:02:15.685,GUSDT,SHORT,M,T0316:M,0.007424999999999999,0.06,0.007832,1270.0,0.007914000000000001
2026-09-18 11:02:18.473,GUSDT,SHORT,M,T0317:M,0.007424999999999999,0.06,0.007921,1270.0,0.007925000000000001
2026-09-18 11:02:19.623,GUSDT,SHORT,M,T0318:M,0.007424999999999999,0.06,0.007923,1270.0,0.0079375
2026-09-18 11:02:20.163,GUSDT,SHORT,M,T0319:M,0.007424999999999999,0.06,0.00793,1270.0,0.00793
2026-09-18 11:02:20.492,GUSDT,SHORT,M,T0320:M,0.007424999999999999,0.06,0.007931,1270.0,0.00793
2026-09-18 11:02:20.882,GUSDT,SHORT,M,T0321:M,0.007424999999999999,0.06,0.007933,1270.0,0.0079305
2026-09-18 11:02:21.322,GUSDT,SHORT,M,T0322:M,0.007424999999999999,0.06,0.007934,1270.0,0.007929
2026-09-18 11:02:22.366,GUSDT,SHORT,M,T0323:M,0.007424999999999999,0.06,0.007929,1270.0,0.0079195
2026-09-18 11:02:22.951,GUSDT,SHORT,M,T0324:M,0.007424999999999999,0.06,0.007926,1270.0,0.0079215
2026-09-18 11:02:23.335,GUSDT,SHORT,M,T0326:M,0.007424999999999999,0.06,0.007925,1270.0,0.0079215
2026-09-18 11:02:23.691,GUSDT,SHORT,M,T0325:M,0.007424999999999999,0.06,0.007927,1270.0,0.0079215
2026-09-18 11:02:24.211,GUSDT,SHORT,M,T0327:M,0.007424999999999999,0.06,0.007926,1270.0,0.007916
2026-09-18 11:02:24.529,GUSDT,SHORT,M,T0328:M,0.007424999999999999,0.06,0.007927,1270.0,0.007916
2026-09-18 11:02:24.880,GUSDT,SHORT,M,T0329:M,0.007424999999999999,0.06,0.007927,1270.0,0.007916
2026-09-18 11:02:25.229,GUSDT,SHORT,M,T0330:M,0.007424999999999999,0.06,0.007925,1270.0,0.007916
2026-09-18 11:02:26.125,GUSDT,SHORT,M,T0331:M,0.007424999999999999,0.06,0.007925,1270.0,0.007935000000000001
2026-09-18 11:02:26.464,GUSDT,SHORT,M,T0332:M,0.007424999999999999,0.06,0.007919,1269.0,0.007935000000000001
2026-09-18 11:02:27.534,GUSDT,SHORT,M,T0333:M,0.007424999999999999,0.06,0.007919,1269.0,0.007966
2026-09-18 11:02:28.168,GUSDT,SHORT,M,T0334:M,0.007424999999999999,0.06,0.007914,1269.0,0.007963
2026-09-18 11:02:28.699,GUSDT,SHORT,M,T0335:M,0.007424999999999999,0.06,0.00796,1270.0,0.007962
2026-09-18 11:02:29.232,GUSDT,SHORT,M,T0336:M,0.007424999999999999,0.06,0.007961,1270.0,0.007957
2026-09-18 11:02:29.765,GUSDT,SHORT,M,T0337:M,0.007424999999999999,0.06,0.00796,1269.0,0.0079505
2026-09-18 11:02:30.202,GUSDT,SHORT,M,T0338:M,0.007424999999999999,0.06,0.007955,1269.0,0.007956999999999999
2026-09-18 11:02:30.678,GUSDT,SHORT,M,T0339:M,0.007424999999999999,0.06,0.007949,1269.0,0.007961
2026-09-18 11:02:31.600,GUSDT,SHORT,M,T0340:M,0.007424999999999999,0.06,0.007956,1269.0,0.007977000000000001
2026-09-18 11:02:31.931,GUSDT,SHORT,M,T0341:M,0.007424999999999999,0.06,0.00796,1269.0,0.007977000000000001
2026-09-18 11:02:32.413,GUSDT,SHORT,M,T0342:M,0.007424999999999999,0.06,0.00796,1269.0,0.0079735
2026-09-18 11:02:32.861,GUSDT,SHORT,M,T0343:M,0.007424999999999999,0.06,0.007967,1269.0,0.007975
2026-09-18 11:02:35.507,GUSDT,SHORT,M,T0344:M,0.007424999999999999,0.06,0.0079748,1269.0,0.007984999999999999
2026-09-18 11:02:36.411,GUSDT,SHORT,M,T0345:M,0.007424999999999999,0.06,0.007976,1269.0,0.007995
2026-09-18 11:02:40.491,GUSDT,SHORT,M,T0346:M,0.007424999999999999,0.06,0.007986,1269.0,0.007996
2026-09-18 11:02:44.758,GUSDT,SHORT,M,T0347:M,0.007424999999999999,0.06,0.007999,1269.0,0.007977999999999999
2026-09-18 11:02:49.706,GUSDT,SHORT,M,T0348:M,0.007424999999999999,0.06,0.007984,1269.0,0.0078965
2026-09-18 11:02:51.818,GUSDT,SHORT,M,T0349:M,0.007424999999999999,0.06,0.007949,1269.0,0.007915
2026-09-18 11:02:52.811,GUSDT,SHORT,M,T0350:M,0.007424999999999999,0.06,0.007915,1269.0,0.0079165
2026-09-18 11:02:53.320,GUSDT,SHORT,M,T0351:M,0.007424999999999999,0.06,0.007918,1269.0,0.0079135
2026-09-18 11:02:53.698,GUSDT,SHORT,M,T0352:M,0.007424999999999999,0.06,0.007913,1269.0,0.0079135
2026-09-18 11:02:54.136,GUSDT,SHORT,M,T0353:M,0.007424999999999999,0.06,0.007913,1269.0,0.0079135
2026-09-18 11:02:54.460,GUSDT,SHORT,M,T0354:M,0.007424999999999999,0.06,0.007913,1269.0,0.0079135
2026-09-18 11:02:54.992,GUSDT,SHORT,M,T0355:M,0.007424999999999999,0.06,0.007915,1269.0,0.007929
2026-09-18 11:02:55.323,GUSDT,SHORT,M,T0356:M,0.007424999999999999,0.06,0.007915,1269.0,0.007929
2026-09-18 11:02:55.672,GUSDT,SHORT,M,T0357:M,0.007424999999999999,0.06,0.007913,1269.0,0.007929
2026-09-18 11:02:56.735,GUSDT,SHORT,M,T0358:M,0.007424999999999999,0.06,0.007916,1269.0,0.0079375
2026-09-18 11:02:58.079,GUSDT,SHORT,M,T0359:M,0.007424999999999999,0.06,0.007912,1269.0,0.0079405
2026-09-18 11:02:59.307,GUSDT,SHORT,M,T0360:M,0.007424999999999999,0.06,0.007936,1269.0,0.007941
2026-09-18 11:02:59.925,GUSDT,SHORT,M,T0361:M,0.007424999999999999,0.06,0.007937,1269.0,0.007936499999999999
2026-09-18 11:03:00.955,GUSDT,SHORT,M,T0362:M,0.007424999999999999,0.06,0.007933,1269.0,0.0079475
2026-09-18 11:03:01.602,GUSDT,SHORT,M,T0363:M,0.007424999999999999,0.06,0.007939,1269.0,0.007953499999999999
2026-09-18 11:03:02.140,GUSDT,SHORT,M,T0364:M,0.007424999999999999,0.06,0.007947,1269.0,0.007951
2026-09-18 11:03:03.034,GUSDT,SHORT,M,T0365:M,0.007424999999999999,0.06,0.007947,1269.0,0.007923
2026-09-18 11:03:03.615,GUSDT,SHORT,M,T0366:M,0.007424999999999999,0.06,0.007944,1269.0,0.0079285
2026-09-18 11:03:04.191,GUSDT,SHORT,M,T0367:M,0.007424999999999999,0.06,0.00792,1269.0,0.007931500000000001
2026-09-18 11:03:05.294,GUSDT,SHORT,M,T0368:M,0.007424999999999999,0.06,0.007927,1269.0,0.007931500000000001
2026-09-18 11:03:06.013,GUSDT,SHORT,M,T0369:M,0.007424999999999999,0.06,0.007927,1269.0,0.0079345
2026-09-18 11:03:06.472,GUSDT,SHORT,M,T0370:M,0.007424999999999999,0.06,0.007933,1269.0,0.0079375
2026-09-18 11:03:06.928,GUSDT,SHORT,M,T0371:M,0.007424999999999999,0.06,0.007933,1269.0,0.007934
2026-09-18 11:03:07.381,GUSDT,SHORT,M,T0372:M,0.007424999999999999,0.06,0.007936,1269.0,0.007932
2026-09-18 11:03:08.953,GUSDT,SHORT,M,T0373:M,0.007424999999999999,0.06,0.007936,1269.0,0.007932999999999999
2026-09-18 11:03:09.633,GUSDT,SHORT,M,T0374:M,0.007424999999999999,0.06,0.007933,1269.0,0.007925999999999999
2026-09-18 11:03:10.807,GUSDT,SHORT,M,T0375:M,0.007424999999999999,0.06,0.007929,1269.0,0.0079275
2026-09-18 11:03:13.721,GUSDT,SHORT,M,T0376:M,0.007424999999999999,0.06,0.007923,1269.0,0.007924
2026-09-18 11:03:15.663,GUSDT,SHORT,M,T0377:M,0.007424999999999999,0.06,0.007919,1269.0,0.007915499999999999
2026-09-18 11:03:16.773,GUSDT,SHORT,M,T0378:M,0.007424999999999999,0.06,0.007913,1269.0,0.0079185
2026-09-18 11:03:19.011,GUSDT,SHORT,M,T0379:M,0.007424999999999999,0.06,0.007917,1269.0,0.0079065
2026-09-18 11:03:21.154,GUSDT,SHORT,M,T0380:M,0.007424999999999999,0.06,0.007912,1269.0,0.0079345
2026-09-18 11:03:24.009,GUSDT,SHORT,M,T0381:M,0.007424999999999999,0.06,0.00791,1269.0,0.0079485
2026-09-18 11:03:25.854,GUSDT,SHORT,M,T0382:M,0.007424999999999999,0.06,0.007952,1269.0,0.007952
2026-09-18 11:03:26.929,GUSDT,SHORT,M,T0383:M,0.007424999999999999,0.06,0.007951,1269.0,0.007944
2026-09-18 11:03:28.313,GUSDT,SHORT,M,T0384:M,0.007424999999999999,0.06,0.007943,1269.0,0.007945
2026-09-18 11:03:29.510,GUSDT,SHORT,M,T0385:M,0.007424999999999999,0.06,0.007945,1269.0,0.0079545
2026-09-18 11:03:30.159,GUSDT,SHORT,M,T0386:M,0.007424999999999999,0.06,0.0079436,1269.0,0.0079515
2026-09-18 11:03:31.169,GUSDT,SHORT,M,T0387:M,0.007424999999999999,0.06,0.007948,1269.0,0.007963
2026-09-18 11:03:31.850,GUSDT,SHORT,M,T0388:M,0.007424999999999999,0.06,0.007957,1269.0,0.007961
2026-09-18 11:03:32.882,GUSDT,SHORT,M,T0389:M,0.007424999999999999,0.06,0.00796,1269.0,0.007987000000000001
2026-09-18 11:03:35.062,GUSDT,SHORT,M,T0390:M,0.007424999999999999,0.06,0.007986,1269.0,0.0080175
2026-09-18 11:03:35.734,GUSDT,SHORT,M,T0391:M,0.007424999999999999,0.06,0.008,1269.0,0.0080145
2026-09-18 11:03:36.641,GUSDT,SHORT,M,T0392:M,0.007424999999999999,0.06,0.008012,1269.0,0.008011
2026-09-18 11:03:37.318,GUSDT,SHORT,M,T0393:M,0.007424999999999999,0.06,0.007997,1269.0,0.0080205
2026-09-18 11:03:37.826,GUSDT,SHORT,M,T0394:M,0.007424999999999999,0.06,0.008013,1269.0,0.0080215
2026-09-18 11:03:42.383,GUSDT,SHORT,M,T0395:M,0.007424999999999999,0.06,0.008016,1269.0,0.0080485
2026-09-18 11:03:43.320,GUSDT,SHORT,M,T0396:M,0.007424999999999999,0.06,0.00802,1269.0,0.00805
2026-09-18 11:03:44.451,GUSDT,SHORT,M,T0397:M,0.007424999999999999,0.06,0.00804,1269.0,0.008041
2026-09-18 11:03:45.539,GUSDT,SHORT,M,T0398:M,0.007424999999999999,0.06,0.008037,1269.0,0.008022000000000001
2026-09-18 11:03:46.315,GUSDT,SHORT,M,T0399:M,0.007424999999999999,0.06,0.008027,1269.0,0.00799
2026-09-18 11:03:47.139,GUSDT,SHORT,M,T0400:M,0.007424999999999999,0.06,0.007992,1269.0,0.0079925
2026-09-18 11:03:47.771,GUSDT,SHORT,M,T0401:M,0.007424999999999999,0.06,0.007995,1269.0,0.008001
2026-09-18 11:03:48.273,GUSDT,SHORT,M,T0402:M,0.007424999999999999,0.06,0.007998,1269.0,0.008001
2026-09-18 11:03:49.250,GUSDT,SHORT,M,T0403:M,0.007424999999999999,0.06,0.008001,1269.0,0.008
2026-09-18 11:03:50.009,GUSDT,SHORT,M,T0404:M,0.007424999999999999,0.06,0.007998,1269.0,0.0079985
2026-09-18 11:03:52.095,GUSDT,SHORT,M,T0405:M,0.007424999999999999,0.06,0.007997,1269.0,0.0080095
2026-09-18 11:03:53.640,GUSDT,SHORT,M,T0406:M,0.007424999999999999,0.06,0.008012,1269.0,0.0080105
2026-09-18 11:03:54.593,GUSDT,SHORT,M,T0407:M,0.007424999999999999,0.06,0.008006,1269.0,0.008016
2026-09-18 11:03:56.149,GUSDT,SHORT,M,T0408:M,0.007424999999999999,0.06,0.008018,1269.0,0.0080095
2026-09-18 11:03:57.626,GUSDT,SHORT,M,T0409:M,0.007424999999999999,0.06,0.008,1269.0,0.0080125
2026-09-18 11:03:59.719,GUSDT,SHORT,M,T0410:M,0.007424999999999999,0.06,0.008009,1269.0,0.008024
2026-09-18 11:04:02.434,GUSDT,SHORT,M,T0411:M,0.007424999999999999,0.06,0.008019,1269.0,0.0080215
2026-09-18 11:04:07.117,GUSDT,SHORT,M,T0412:M,0.007424999999999999,0.06,0.008021,1269.0,0.0081225
2026-09-18 11:04:08.952,GUSDT,SHORT,M,T0413:M,0.007424999999999999,0.06,0.008108,1269.0,0.008121
2026-09-18 11:04:10.253,GUSDT,SHORT,M,T0414:M,0.007424999999999999,0.06,0.008126,1269.0,0.008097
2026-09-18 11:04:11.545,GUSDT,SHORT,M,T0415:M,0.007424999999999999,0.06,0.008095,1269.0,0.008117
2026-09-18 11:04:12.793,GUSDT,SHORT,M,T0416:M,0.007424999999999999,0.06,0.008114,1269.0,0.008093
2026-09-18 11:04:13.352,GUSDT,SHORT,M,T0417:M,0.007424999999999999,0.06,0.008113,1269.0,0.008081999999999999
2026-09-18 11:04:13.707,GUSDT,SHORT,M,T0418:M,0.007424999999999999,0.06,0.008111,1269.0,0.008081999999999999
2026-09-18 11:04:14.139,GUSDT,SHORT,M,T0419:M,0.007424999999999999,0.06,0.008113,1269.0,0.008081999999999999
2026-09-18 11:04:14.470,GUSDT,SHORT,M,T0420:M,0.007424999999999999,0.06,0.008111,1269.0,0.008081999999999999
2026-09-18 11:04:14.842,GUSDT,SHORT,M,T0421:M,0.007424999999999999,0.06,0.0081102,1269.0,0.008081999999999999
2026-09-18 11:04:15.461,GUSDT,SHORT,M,T0423:M,0.007424999999999999,0.06,0.008099,1269.0,0.0080595
2026-09-18 11:04:15.814,GUSDT,SHORT,M,T0422:M,0.007424999999999999,0.06,0.008111,1269.0,0.0080595
2026-09-18 11:04:16.151,GUSDT,SHORT,M,T0424:M,0.007424999999999999,0.06,0.008099,1269.0,0.0080595
2026-09-18 11:04:16.480,GUSDT,SHORT,M,T0425:M,0.007424999999999999,0.06,0.008099,1269.0,0.0080595
2026-09-18 11:04:16.802,GUSDT,SHORT,M,T0426:M,0.007424999999999999,0.06,0.0080956,1269.0,0.0080595
2026-09-18 11:04:17.137,GUSDT,SHORT,M,T0427:M,0.007424999999999999,0.06,0.008091,1269.0,0.0080595
2026-09-18 11:04:18.438,GUSDT,SHORT,M,T0428:M,0.007424999999999999,0.06,0.00809,1269.0,0.008116
2026-09-18 11:04:19.318,GUSDT,SHORT,M,T0429:M,0.007424999999999999,0.06,0.008085,1269.0,0.0080975
2026-09-18 11:04:19.885,GUSDT,SHORT,M,T0430:M,0.007424999999999999,0.06,0.008103,1269.0,0.0080965
2026-09-18 11:04:20.388,GUSDT,SHORT,M,T0431:M,0.007424999999999999,0.06,0.008092,1269.0,0.008104
2026-09-18 11:04:21.137,GUSDT,SHORT,M,T0432:M,0.007424999999999999,0.06,0.008095,1269.0,0.00809
2026-09-18 11:04:21.707,GUSDT,SHORT,M,T0433:M,0.007424999999999999,0.06,0.00809,1269.0,0.0080695
2026-09-18 11:04:22.920,GUSDT,SHORT,M,T0434:M,0.007424999999999999,0.06,0.00809,1269.0,0.008078
2026-09-18 11:04:24.216,GUSDT,SHORT,M,T0435:M,0.007424999999999999,0.06,0.008068,1269.0,0.008087
2026-09-18 11:04:25.498,GUSDT,SHORT,M,T0436:M,0.007424999999999999,0.06,0.008073,1269.0,0.008058
2026-09-18 11:04:26.093,GUSDT,SHORT,M,T0437:M,0.007424999999999999,0.06,0.008054,1269.0,0.008059
2026-09-18 11:04:26.645,GUSDT,SHORT,M,T0438:M,0.007424999999999999,0.06,0.008056,1269.0,0.00807
2026-09-18 11:04:27.231,GUSDT,SHORT,M,T0439:M,0.007424999999999999,0.06,0.008062,1269.0,0.0080645
2026-09-18 11:04:27.881,GUSDT,SHORT,M,T0440:M,0.007424999999999999,0.06,0.008068,1269.0,0.008067999999999999
2026-09-18 11:04:28.518,GUSDT,SHORT,M,T0441:M,0.007424999999999999,0.06,0.008063,1269.0,0.00808
2026-09-18 11:04:30.359,GUSDT,SHORT,M,T0442:M,0.007424999999999999,0.06,0.008068,1269.0,0.0081155
2026-09-18 11:04:32.435,GUSDT,SHORT,M,T0443:M,0.007424999999999999,0.06,0.008073,1269.0,0.0081255
2026-09-18 11:04:36.718,GUSDT,SHORT,M,T0444:M,0.007424999999999999,0.06,0.00812,1269.0,0.0081025
2026-09-18 11:04:38.637,GUSDT,SHORT,M,T0445:M,0.007424999999999999,0.06,0.0081,1269.0,0.008077
2026-09-18 11:04:40.960,GUSDT,SHORT,M,T0446:M,0.007424999999999999,0.06,0.008073,1269.0,0.0080885
2026-09-18 11:04:42.032,GUSDT,SHORT,M,T0447:M,0.007424999999999999,0.06,0.008089,1269.0,0.008078
2026-09-18 11:04:42.908,GUSDT,SHORT,M,T0448:M,0.007424999999999999,0.06,0.008077,1269.0,0.0081235
2026-09-18 11:04:45.377,GUSDT,SHORT,M,T0449:M,0.007424999999999999,0.06,0.008089,1269.0,0.0081385
2026-09-18 11:04:46.721,GUSDT,SHORT,M,T0450:M,0.007424999999999999,0.06,0.008129,1269.0,0.0081355
2026-09-18 11:04:47.872,GUSDT,SHORT,M,T0451:M,0.007424999999999999,0.06,0.008139,1269.0,0.0081415
2026-09-18 11:04:48.954,GUSDT,SHORT,M,T0452:M,0.007424999999999999,0.06,0.008135,1269.0,0.0081355
2026-09-18 11:04:50.555,GUSDT,SHORT,M,T0453:M,0.007424999999999999,0.06,0.00814,1269.0,0.0081455
2026-09-18 11:04:51.734,GUSDT,SHORT,M,T0454:M,0.007424999999999999,0.06,0.008139,1269.0,0.0081545
2026-09-18 11:04:53.579,GUSDT,SHORT,M,T0455:M,0.007424999999999999,0.06,0.008148,1269.0,0.008165
2026-09-18 11:04:54.510,GUSDT,SHORT,M,T0456:M,0.007424999999999999,0.06,0.008151,1269.0,0.008150999999999999
2026-09-18 11:04:55.404,GUSDT,SHORT,M,T0457:M,0.007424999999999999,0.06,0.008155,1269.0,0.0081455
2026-09-18 11:04:55.759,GUSDT,SHORT,M,T0458:M,0.007424999999999999,0.06,0.008152,1269.0,0.0081455
2026-09-18 11:04:56.478,GUSDT,SHORT,M,T0461:M,0.007424999999999999,0.06,0.008153,1269.0,0.0081455
2026-09-18 11:04:56.829,GUSDT,SHORT,M,T0464:M,0.007424999999999999,0.06,0.008154,1268.0,0.0081455
2026-09-18 11:04:57.180,GUSDT,SHORT,M,T0462:M,0.007424999999999999,0.06,0.008149,1269.0,0.0081455
2026-09-18 11:04:57.556,GUSDT,SHORT,M,T0460:M,0.007424999999999999,0.06,0.008151,1269.0,0.0081455
2026-09-18 11:04:57.888,GUSDT,SHORT,M,T0465:M,0.007424999999999999,0.06,0.008154,1268.0,0.0081455
2026-09-18 11:04:58.240,GUSDT,SHORT,M,T0463:M,0.007424999999999999,0.06,0.008154,1269.0,0.0081455
2026-09-18 11:04:58.607,GUSDT,SHORT,M,T0459:M,0.007424999999999999,0.06,0.008152,1269.0,0.0081455
2026-09-18 11:04:59.318,GUSDT,SHORT,M,T0466:M,0.007424999999999999,0.06,0.008151,1268.0,0.008144
2026-09-18 11:05:00.496,GUSDT,SHORT,M,T0467:M,0.007424999999999999,0.06,0.008151,1269.0,0.008153
2026-09-18 11:05:00.925,GUSDT,SHORT,M,T0468:M,0.007424999999999999,0.06,0.008151,1269.0,0.008153
2026-09-18 11:05:13.383,GUSDT,SHORT,M,T0469:M,0.007424999999999999,0.06,0.008149,1269.0,0.0081555
2026-09-18 11:05:16.612,GUSDT,SHORT,M,T0470:M,0.007424999999999999,0.06,0.008139,1269.0,0.008147
2026-09-18 11:05:25.938,GUSDT,SHORT,M,T0471:M,0.007424999999999999,0.06,0.008171,1269.0,0.008184
2026-09-18 11:05:33.268,GUSDT,SHORT,M,T0472:M,0.007424999999999999,0.06,0.008207,1269.0,0.0082265
2026-09-18 11:05:38.267,GUSDT,SHORT,M,T0473:M,0.007424999999999999,0.06,0.008192,1269.0,0.0082425
2026-09-18 11:05:42.362,GUSDT,SHORT,M,T0474:M,0.007424999999999999,0.06,0.00817,1268.0,0.0081845
2026-09-18 11:05:47.836,GUSDT,SHORT,M,T0475:M,0.007424999999999999,0.06,0.008185,1268.0,0.008184
2026-09-18 11:05:53.121,GUSDT,SHORT,M,T0476:M,0.007424999999999999,0.06,0.008158,1268.0,0.008167
2026-09-18 11:05:57.767,GUSDT,SHORT,M,T0477:M,0.007424999999999999,0.06,0.008134,1268.0,0.008174
2026-09-18 11:06:02.672,GUSDT,SHORT,M,T0478:M,0.007424999999999999,0.06,0.008144,1268.0,0.008185
2026-09-18 11:06:06.330,GUSDT,SHORT,M,T0479:M,0.007424999999999999,0.06,0.00813,1268.0,0.0081705
2026-09-18 11:06:10.209,GUSDT,SHORT,M,T0480:M,0.007424999999999999,0.06,0.008105,1268.0,0.008132
2026-09-18 11:06:12.962,GUSDT,SHORT,M,T0481:M,0.007424999999999999,0.06,0.008115,1268.0,0.0081305
2026-09-18 11:06:17.526,GUSDT,SHORT,M,T0482:M,0.007424999999999999,0.06,0.00812,1268.0,0.0081325
2026-09-18 11:06:21.423,GUSDT,SHORT,M,T0483:M,0.007424999999999999,0.06,0.008129,1268.0,0.0081255
2026-09-18 11:06:26.810,GUSDT,SHORT,M,T0484:M,0.007424999999999999,0.06,0.008136,1268.0,0.008098999999999999
2026-09-18 11:06:30.703,GUSDT,SHORT,M,T0485:M,0.007424999999999999,0.06,0.008104,1268.0,0.0081215
2026-09-18 11:06:34.473,GUSDT,SHORT,M,T0486:M,0.007424999999999999,0.06,0.00812,1268.0,0.00813
2026-09-18 11:06:38.509,GUSDT,SHORT,M,T0487:M,0.007424999999999999,0.06,0.008123,1268.0,0.0081285
2026-09-18 11:06:41.966,GUSDT,SHORT,M,T0488:M,0.007424999999999999,0.06,0.008161,1268.0,0.008111
2026-09-18 11:06:48.789,GUSDT,SHORT,M,T0489:M,0.007424999999999999,0.06,0.008171,1268.0,0.0081235
2026-09-18 11:06:54.223,GUSDT,SHORT,M,T0490:M,0.007424999999999999,0.06,0.008197,1268.0,0.008189
2026-09-18 11:06:58.455,GUSDT,SHORT,M,T0491:M,0.007424999999999999,0.06,0.008202,1268.0,0.008187
2026-09-18 11:07:03.159,GUSDT,SHORT,M,T0492:M,0.007424999999999999,0.06,0.008211,1268.0,0.008228
2026-09-18 11:07:07.084,GUSDT,SHORT,M,T0493:M,0.007424999999999999,0.06,0.0082249,1268.0,0.0082155
2026-09-18 11:07:10.872,GUSDT,SHORT,M,T0494:M,0.007424999999999999,0.06,0.008245,1268.0,0.008213999999999999
2026-09-18 11:07:15.070,GUSDT,SHORT,M,T0495:M,0.007424999999999999,0.06,0.008271,1268.0,0.0082805
2026-09-18 11:07:17.930,GUSDT,SHORT,M,T0496:M,0.007424999999999999,0.06,0.008247,1268.0,0.008236
2026-09-18 11:07:21.828,GUSDT,SHORT,M,T0497:M,0.007424999999999999,0.06,0.008243,1268.0,0.008237000000000001
2026-09-18 11:07:27.727,GUSDT,SHORT,M,T0498:M,0.007424999999999999,0.06,0.008236,1268.0,0.0082545
2026-09-18 11:07:31.608,GUSDT,SHORT,M,T0499:M,0.007424999999999999,0.06,0.008256,1268.0,0.008234499999999999
2026-09-18 11:07:35.377,GUSDT,SHORT,M,T0500:M,0.007424999999999999,0.06,0.008235,1268.0,0.008201
2026-09-18 11:07:39.536,GUSDT,SHORT,M,T0501:M,0.007424999999999999,0.06,0.008222,1268.0,0.0082675
2026-09-18 11:07:43.157,GUSDT,SHORT,M,T0502:M,0.007424999999999999,0.06,0.008274,1268.0,0.008251
2026-09-18 11:07:48.484,GUSDT,SHORT,M,T0503:M,0.007424999999999999,0.06,0.008255,1268.0,0.0082305
2026-09-18 11:07:54.700,GUSDT,SHORT,M,T0504:M,0.007424999999999999,0.06,0.008219,1268.0,0.0082375
2026-09-18 11:08:03.606,GUSDT,SHORT,M,T0505:M,0.007424999999999999,0.06,0.008222,1268.0,0.0082725
2026-09-18 11:08:11.194,GUSDT,SHORT,M,T0506:M,0.007424999999999999,0.06,0.008275,1268.0,0.008314
2026-09-18 11:08:18.407,GUSDT,SHORT,M,T0507:M,0.007424999999999999,0.06,0.008277,1268.0,0.00826
2026-09-18 11:08:21.370,GUSDT,SHORT,M,T0508:M,0.007424999999999999,0.06,0.008301,1268.0,0.008277
2026-09-18 11:08:24.474,GUSDT,SHORT,M,T0509:M,0.007424999999999999,0.06,0.008277,1268.0,0.0082565
2026-09-18 11:08:29.091,GUSDT,SHORT,M,T0510:M,0.007424999999999999,0.06,0.008252,1268.0,0.008255
2026-09-18 11:08:31.707,GUSDT,SHORT,M,T0511:M,0.007424999999999999,0.06,0.008261,1268.0,0.008251999999999999
2026-09-18 11:08:33.688,GUSDT,SHORT,M,T0512:M,0.007424999999999999,0.06,0.008253,1268.0,0.0082875
2026-09-18 11:08:35.810,GUSDT,SHORT,M,T0513:M,0.007424999999999999,0.06,0.008285,1268.0,0.0082785
2026-09-18 11:08:36.955,GUSDT,SHORT,M,T0514:M,0.007424999999999999,0.06,0.008279,1268.0,0.008293
2026-09-18 11:08:37.889,GUSDT,SHORT,M,T0515:M,0.007424999999999999,0.06,0.008297,1268.0,0.0082885
2026-09-18 11:08:38.639,GUSDT,SHORT,M,T0516:M,0.007424999999999999,0.06,0.008285,1268.0,0.0082945
2026-09-18 11:08:38.969,GUSDT,SHORT,M,T0517:M,0.007424999999999999,0.06,0.008283,1268.0,0.0082945
2026-09-18 11:08:39.317,GUSDT,SHORT,M,T0518:M,0.007424999999999999,0.06,0.008284,1268.0,0.0082945
2026-09-18 11:08:39.785,GUSDT,SHORT,M,T0523:M,0.007424999999999999,0.06,0.008288,1268.0,0.008295
2026-09-18 11:08:40.157,GUSDT,SHORT,M,T0522:M,0.007424999999999999,0.06,0.008288,1268.0,0.008295
2026-09-18 11:08:40.500,GUSDT,SHORT,M,T0520:M,0.007424999999999999,0.06,0.008288,1268.0,0.008295
2026-09-18 11:08:40.837,GUSDT,SHORT,M,T0519:M,0.007424999999999999,0.06,0.008288,1268.0,0.008295
2026-09-18 11:08:41.181,GUSDT,SHORT,M,T0521:M,0.007424999999999999,0.06,0.008288,1268.0,0.008295
2026-09-18 11:08:41.851,GUSDT,SHORT,M,T0524:M,0.007424999999999999,0.06,0.008288,1269.0,0.008295
2026-09-18 11:08:44.726,GUSDT,SHORT,M,T0525:M,0.007424999999999999,0.06,0.008294,1269.0,0.0082985
2026-09-18 11:08:47.343,GUSDT,SHORT,M,T0526:M,0.007424999999999999,0.06,0.008282,1269.0,0.00827
2026-09-18 11:08:48.374,GUSDT,SHORT,M,T0527:M,0.007424999999999999,0.06,0.008277,1269.0,0.008255499999999999
2026-09-18 11:08:49.113,GUSDT,SHORT,M,T0528:M,0.007424999999999999,0.06,0.008248,1269.0,0.008261999999999999
2026-09-18 11:08:50.089,GUSDT,SHORT,M,T0532:M,0.007424999999999999,0.06,0.00825,1270.0,0.008261999999999999
2026-09-18 11:08:50.527,GUSDT,SHORT,M,T0529:M,0.007424999999999999,0.06,0.008249,1269.0,0.008261999999999999
2026-09-18 11:08:50.961,GUSDT,SHORT,M,T0530:M,0.007424999999999999,0.06,0.008246,1269.0,0.008261999999999999
2026-09-18 11:08:51.364,GUSDT,SHORT,M,T0531:M,0.007424999999999999,0.06,0.008246,1270.0,0.008261999999999999
2026-09-18 11:08:51.733,GUSDT,SHORT,M,T0534:M,0.007424999999999999,0.06,0.00825,1270.0,0.008261999999999999
2026-09-18 11:08:52.686,GUSDT,SHORT,M,T0535:M,0.007424999999999999,0.06,0.008254,1270.0,0.008255499999999999
2026-09-18 11:08:53.066,GUSDT,SHORT,M,T0533:M,0.007424999999999999,0.06,0.008247,1270.0,0.008255499999999999
2026-09-18 11:08:55.402,GUSDT,SHORT,M,T0536:M,0.007424999999999999,0.06,0.008258,1270.0,0.0082485
2026-09-18 11:09:00.554,GUSDT,SHORT,M,T0537:M,0.007424999999999999,0.06,0.00826,1270.0,0.008251499999999998
2026-09-18 11:09:03.753,GUSDT,SHORT,M,T0538:M,0.007424999999999999,0.06,0.008257,1269.0,0.0082235
2026-09-18 11:09:05.878,GUSDT,SHORT,M,T0539:M,0.007424999999999999,0.06,0.008218,1269.0,0.0082255
2026-09-18 11:09:09.573,GUSDT,SHORT,M,T0540:M,0.007424999999999999,0.06,0.008217,1269.0,0.0082305
2026-09-18 11:09:13.449,GUSDT,SHORT,M,T0541:M,0.007424999999999999,0.06,0.008234,1269.0,0.008229
2026-09-18 11:09:16.390,GUSDT,SHORT,M,T0542:M,0.007424999999999999,0.06,0.008225,1269.0,0.008210499999999999
2026-09-18 11:09:17.562,GUSDT,SHORT,M,T0543:M,0.007424999999999999,0.06,0.008215,1269.0,0.008217499999999999
2026-09-18 11:09:18.809,GUSDT,SHORT,M,T0544:M,0.007424999999999999,0.06,0.008221,1270.0,0.008192499999999998
2026-09-18 11:09:20.642,GUSDT,SHORT,M,T0545:M,0.007424999999999999,0.06,0.008196,1270.0,0.008206000000000001
2026-09-18 11:09:21.809,GUSDT,SHORT,M,T0546:M,0.007424999999999999,0.06,0.008219,1270.0,0.00818
2026-09-18 11:09:22.616,GUSDT,SHORT,M,T0547:M,0.007424999999999999,0.06,0.008191,1269.0,0.0081865
2026-09-18 11:09:24.136,GUSDT,SHORT,M,T0548:M,0.007424999999999999,0.06,0.008189,1270.0,0.008199499999999998
2026-09-18 11:09:24.762,GUSDT,SHORT,M,T0549:M,0.007424999999999999,0.06,0.008197,1270.0,0.0082165
2026-09-18 11:09:25.488,GUSDT,SHORT,M,T0550:M,0.007424999999999999,0.06,0.008197,1270.0,0.008217499999999999
2026-09-18 11:09:26.100,GUSDT,SHORT,M,T0551:M,0.007424999999999999,0.06,0.008215,1269.0,0.0082245
2026-09-18 11:09:27.472,GUSDT,SHORT,M,T0552:M,0.007424999999999999,0.06,0.008216,1269.0,0.008229
2026-09-18 11:09:28.674,GUSDT,SHORT,M,T0553:M,0.007424999999999999,0.06,0.008221,1269.0,0.008241499999999999
2026-09-18 11:09:30.511,GUSDT,SHORT,M,T0554:M,0.007424999999999999,0.06,0.00824,1270.0,0.008236
2026-09-18 11:09:32.620,GUSDT,SHORT,M,T0555:M,0.007424999999999999,0.06,0.008236,1270.0,0.008241
2026-09-18 11:09:33.752,GUSDT,SHORT,M,T0556:M,0.007424999999999999,0.06,0.008238,1269.0,0.0082385
2026-09-18 11:09:34.444,GUSDT,SHORT,M,T0557:M,0.007424999999999999,0.06,0.008236,1270.0,0.0082405
2026-09-18 11:09:36.230,GUSDT,SHORT,M,T0558:M,0.007424999999999999,0.06,0.008238,1270.0,0.0082455
2026-09-18 11:09:36.832,GUSDT,SHORT,M,T0559:M,0.007424999999999999,0.06,0.00824,1270.0,0.008244000000000001
2026-09-18 11:09:39.037,GUSDT,SHORT,M,T0560:M,0.007424999999999999,0.06,0.008239,1269.0,0.0082395
2026-09-18 11:09:41.463,GUSDT,SHORT,M,T0561:M,0.007424999999999999,0.06,0.008235,1270.0,0.008234
2026-09-18 11:09:42.710,GUSDT,SHORT,M,T0562:M,0.007424999999999999,0.06,0.008233,1270.0,0.0082385
2026-09-18 11:09:44.150,GUSDT,SHORT,M,T0563:M,0.007424999999999999,0.06,0.008235,1270.0,0.008237000000000001
2026-09-18 11:09:45.165,GUSDT,SHORT,M,T0564:M,0.007424999999999999,0.06,0.008237,1270.0,0.008237000000000001
2026-09-18 11:09:46.443,GUSDT,SHORT,M,T0565:M,0.007424999999999999,0.06,0.008239,1270.0,0.008254000000000001
2026-09-18 11:09:48.619,GUSDT,SHORT,M,T0566:M,0.007424999999999999,0.06,0.008251,1270.0,0.008265
2026-09-18 11:09:51.323,GUSDT,SHORT,M,T0567:M,0.007424999999999999,0.06,0.008278,1270.0,0.008293
2026-09-18 11:09:53.284,GUSDT,SHORT,M,T0568:M,0.007424999999999999,0.06,0.008289,1270.0,0.0082805
2026-09-18 11:09:54.363,GUSDT,SHORT,M,T0569:M,0.007424999999999999,0.06,0.008276,1270.0,0.0082795
2026-09-18 11:09:55.419,GUSDT,SHORT,M,T0570:M,0.007424999999999999,0.06,0.008278,1270.0,0.008292
2026-09-18 11:09:56.671,GUSDT,SHORT,M,T0571:M,0.007424999999999999,0.06,0.008291,1270.0,0.0082905
2026-09-18 11:09:57.802,GUSDT,SHORT,M,T0572:M,0.007424999999999999,0.06,0.008294,1270.0,0.008291
2026-09-18 11:09:59.743,GUSDT,SHORT,M,T0573:M,0.007424999999999999,0.06,0.008289,1270.0,0.008295
2026-09-18 11:10:07.132,GUSDT,SHORT,M,T0574:M,0.007424999999999999,0.06,0.008284,1270.0,0.008322
2026-09-18 11:10:12.870,GUSDT,SHORT,M,T0575:M,0.007424999999999999,0.06,0.008298,1270.0,0.0083115
2026-09-18 11:10:16.436,GUSDT,SHORT,M,T0576:M,0.007424999999999999,0.06,0.008295,1270.0,0.0083125
2026-09-18 11:10:19.628,GUSDT,SHORT,M,T0577:M,0.007424999999999999,0.06,0.008312,1270.0,0.0082985
2026-09-18 11:10:21.461,GUSDT,SHORT,M,T0578:M,0.007424999999999999,0.06,0.008306,1270.0,0.0083545
2026-09-18 11:10:23.963,GUSDT,SHORT,M,T0579:M,0.007424999999999999,0.06,0.008322,1270.0,0.008341999999999999
2026-09-18 11:10:25.103,GUSDT,SHORT,M,T0580:M,0.007424999999999999,0.06,0.008362,1270.0,0.0083655
2026-09-18 11:10:26.001,GUSDT,SHORT,M,T0581:M,0.007424999999999999,0.06,0.008354,1270.0,0.0083865
2026-09-18 11:10:28.759,GUSDT,SHORT,M,T0582:M,0.007424999999999999,0.06,0.008381,1270.0,0.008398
2026-09-18 11:10:30.485,GUSDT,SHORT,M,T0583:M,0.007424999999999999,0.06,0.008389,1270.0,0.008437
2026-09-18 11:10:32.023,GUSDT,SHORT,M,T0584:M,0.007424999999999999,0.06,0.008421,1270.0,0.00844
2026-09-18 11:10:33.031,GUSDT,SHORT,M,T0585:M,0.007424999999999999,0.06,0.008437,1270.0,0.008409
2026-09-18 11:10:33.748,GUSDT,SHORT,M,T0586:M,0.007424999999999999,0.06,0.008416,1270.0,0.0084125
2026-09-18 11:10:34.122,GUSDT,SHORT,M,T0587:M,0.007424999999999999,0.06,0.00841,1270.0,0.0084125
2026-09-18 11:10:34.853,GUSDT,SHORT,M,T0588:M,0.007424999999999999,0.06,0.00841,1270.0,0.0084145
2026-09-18 11:10:35.800,GUSDT,SHORT,M,T0589:M,0.007424999999999999,0.06,0.008409,1270.0,0.008393999999999999
2026-09-18 11:10:37.024,GUSDT,SHORT,M,T0590:M,0.007424999999999999,0.06,0.008409,1270.0,0.0083975
2026-09-18 11:10:38.119,GUSDT,SHORT,M,T0591:M,0.007424999999999999,0.06,0.008416,1270.0,0.008396
2026-09-18 11:10:39.471,GUSDT,SHORT,M,T0592:M,0.007424999999999999,0.06,0.008397,1270.0,0.008374
2026-09-18 11:10:41.383,GUSDT,SHORT,M,T0593:M,0.007424999999999999,0.06,0.008374,1270.0,0.008372999999999998
2026-09-18 11:10:42.710,GUSDT,SHORT,M,T0594:M,0.007424999999999999,0.06,0.00837,1270.0,0.0083765
2026-09-18 11:10:45.767,GUSDT,SHORT,M,T0595:M,0.007424999999999999,0.06,0.00837,1270.0,0.008388
2026-09-18 11:10:47.753,GUSDT,SHORT,M,T0596:M,0.007424999999999999,0.06,0.008386,1270.0,0.008383999999999999
2026-09-18 11:10:49.746,GUSDT,SHORT,M,T0597:M,0.007424999999999999,0.06,0.008378,1270.0,0.008367
2026-09-18 11:10:51.544,GUSDT,SHORT,M,T0598:M,0.007424999999999999,0.06,0.008382,1270.0,0.008331000000000002
2026-09-18 11:10:53.761,GUSDT,SHORT,M,T0599:M,0.007424999999999999,0.06,0.00833,1270.0,0.008339
2026-09-18 11:10:55.526,GUSDT,SHORT,M,T0600:M,0.007424999999999999,0.06,0.008332,1270.0,0.0083715
2026-09-18 11:10:56.976,GUSDT,SHORT,M,T0601:M,0.007424999999999999,0.06,0.008367,1270.0,0.0083725
2026-09-18 11:10:57.574,GUSDT,SHORT,M,T0602:M,0.007424999999999999,0.06,0.008368,1270.0,0.008374
2026-09-18 11:10:58.121,GUSDT,SHORT,M,T0603:M,0.007424999999999999,0.06,0.008373,1270.0,0.0083765
2026-09-18 11:10:58.662,GUSDT,SHORT,M,T0604:M,0.007424999999999999,0.06,0.008375,1270.0,0.0083765
2026-09-18 11:10:59.993,GUSDT,SHORT,M,T0605:M,0.007424999999999999,0.06,0.008375,1270.0,0.0083765
2026-09-18 11:11:01.537,GUSDT,SHORT,M,T0606:M,0.007424999999999999,0.06,0.008374,1270.0,0.008369499999999998
2026-09-18 11:11:02.277,GUSDT,SHORT,M,T0607:M,0.007424999999999999,0.06,0.008375,1270.0,0.008369999999999999
2026-09-18 11:11:02.838,GUSDT,SHORT,M,T0608:M,0.007424999999999999,0.06,0.00837,1270.0,0.008374
2026-09-18 11:11:03.606,GUSDT,SHORT,M,T0609:M,0.007424999999999999,0.06,0.008372,1270.0,0.008361500000000001
2026-09-18 11:11:05.847,GUSDT,SHORT,M,T0610:M,0.007424999999999999,0.06,0.00836,1270.0,0.008367
2026-09-18 11:11:07.786,GUSDT,SHORT,M,T0611:M,0.007424999999999999,0.06,0.00836,1270.0,0.0083315
2026-09-18 11:11:09.817,GUSDT,SHORT,M,T0612:M,0.007424999999999999,0.06,0.008356,1270.0,0.0083065
2026-09-18 11:11:12.115,GUSDT,SHORT,M,T0613:M,0.007424999999999999,0.06,0.008312,1270.0,0.0083105
2026-09-18 11:11:14.339,GUSDT,SHORT,M,T0614:M,0.007424999999999999,0.06,0.008302,1270.0,0.008312
2026-09-18 11:11:15.599,GUSDT,SHORT,M,T0615:M,0.007424999999999999,0.06,0.008306,1270.0,0.008303000000000001
2026-09-18 11:11:17.371,GUSDT,SHORT,M,T0616:M,0.007424999999999999,0.06,0.008308,1270.0,0.0082845
2026-09-18 11:11:19.663,GUSDT,SHORT,M,T0617:M,0.007424999999999999,0.06,0.008301,1270.0,0.0082585
2026-09-18 11:11:21.110,GUSDT,SHORT,M,T0618:M,0.007424999999999999,0.06,0.008255,1270.0,0.0082655
2026-09-18 11:11:21.952,GUSDT,SHORT,M,T0619:M,0.007424999999999999,0.06,0.008266,1270.0,0.0082765
2026-09-18 11:11:22.374,GUSDT,SHORT,M,T0620:M,0.007424999999999999,0.06,0.00827,1270.0,0.0082765
2026-09-18 11:11:25.457,GUSDT,SHORT,M,T0621:M,0.007424999999999999,0.06,0.008264,1270.0,0.008272000000000002
2026-09-18 11:11:26.987,GUSDT,SHORT,M,T0622:M,0.007424999999999999,0.06,0.008274,1270.0,0.0082565
2026-09-18 11:11:29.276,GUSDT,SHORT,M,T0623:M,0.007424999999999999,0.06,0.008253,1270.0,0.0082395
2026-09-18 11:11:30.220,GUSDT,SHORT,M,T0624:M,0.007424999999999999,0.06,0.008263,1270.0,0.0082445
2026-09-18 11:11:31.415,GUSDT,SHORT,M,T0625:M,0.007424999999999999,0.06,0.00824,1270.0,0.0082565
2026-09-18 11:11:31.964,GUSDT,SHORT,M,T0626:M,0.007424999999999999,0.06,0.008255,1269.0,0.008248499999999999
2026-09-18 11:11:32.493,GUSDT,SHORT,M,T0627:M,0.007424999999999999,0.06,0.008247,1270.0,0.008250500000000001
2026-09-18 11:11:33.764,GUSDT,SHORT,M,T0628:M,0.007424999999999999,0.06,0.008249,1270.0,0.008248499999999999
2026-09-18 11:11:35.134,GUSDT,SHORT,M,T0629:M,0.007424999999999999,0.06,0.008245,1270.0,0.0082435
2026-09-18 11:11:36.801,GUSDT,SHORT,M,T0630:M,0.007424999999999999,0.06,0.008249,1270.0,0.0082535
2026-09-18 11:11:37.320,GUSDT,SHORT,M,T0631:M,0.007424999999999999,0.06,0.00825,1270.0,0.008257
2026-09-18 11:11:37.919,GUSDT,SHORT,M,T0632:M,0.007424999999999999,0.06,0.008254,1270.0,0.008257500000000001
2026-09-18 11:11:38.946,GUSDT,SHORT,M,T0633:M,0.007424999999999999,0.06,0.008256,1270.0,0.008261999999999999
2026-09-18 11:11:39.316,GUSDT,SHORT,M,T0634:M,0.007424999999999999,0.06,0.008259,1270.0,0.0082675
2026-09-18 11:11:40.140,GUSDT,SHORT,M,T0635:M,0.007424999999999999,0.06,0.008261,1270.0,0.008264500000000001
2026-09-18 11:11:40.594,GUSDT,SHORT,M,T0636:M,0.007424999999999999,0.06,0.008269,1270.0,0.008264
2026-09-18 11:11:41.201,GUSDT,SHORT,M,T0638:M,0.007424999999999999,0.06,0.008265,1269.0,0.0082585
2026-09-18 11:11:41.519,GUSDT,SHORT,M,T0637:M,0.007424999999999999,0.06,0.008264,1270.0,0.0082585
2026-09-18 11:11:42.146,GUSDT,SHORT,M,T0639:M,0.007424999999999999,0.06,0.008257,1269.0,0.008251999999999999
2026-09-18 11:11:42.951,GUSDT,SHORT,M,T0640:M,0.007424999999999999,0.06,0.00825,1269.0,0.0082445
2026-09-18 11:11:43.916,GUSDT,SHORT,M,T0641:M,0.007424999999999999,0.06,0.00825,1269.0,0.008247
2026-09-18 11:11:45.479,GUSDT,SHORT,M,T0642:M,0.007424999999999999,0.06,0.008243,1269.0,0.0082495
2026-09-18 11:11:46.976,GUSDT,SHORT,M,T0643:M,0.007424999999999999,0.06,0.008246,1269.0,0.008253
2026-09-18 11:11:47.691,GUSDT,SHORT,M,T0644:M,0.007424999999999999,0.06,0.008256,1269.0,0.008261000000000001
2026-09-18 11:11:50.672,GUSDT,SHORT,M,T0645:M,0.007424999999999999,0.06,0.00826,1269.0,0.0082565
2026-09-18 11:11:53.368,GUSDT,SHORT,M,T0646:M,0.007424999999999999,0.06,0.00825,1269.0,0.0082535
2026-09-18 11:11:58.368,GUSDT,SHORT,M,T0647:M,0.007424999999999999,0.06,0.008258,1269.0,0.008261000000000001
2026-09-18 11:12:04.578,GUSDT,SHORT,M,T0648:M,0.007424999999999999,0.06,0.00825,1269.0,0.0082285
2026-09-18 11:12:09.915,GUSDT,SHORT,M,T0649:M,0.007424999999999999,0.06,0.008223,1269.0,0.00824
2026-09-18 11:12:14.184,GUSDT,SHORT,M,T0650:M,0.007424999999999999,0.06,0.008239,1269.0,0.008202000000000001
2026-09-18 11:12:17.819,GUSDT,SHORT,M,T0651:M,0.007424999999999999,0.06,0.008202,1269.0,0.008212
2026-09-18 11:12:20.371,GUSDT,SHORT,M,T0652:M,0.007424999999999999,0.06,0.008217,1269.0,0.0081915
2026-09-18 11:12:21.428,GUSDT,SHORT,M,T0653:M,0.007424999999999999,0.06,0.00819,1269.0,0.0082015
2026-09-18 11:12:22.076,GUSDT,SHORT,M,T0654:M,0.007424999999999999,0.06,0.008199,1269.0,0.0082025
2026-09-18 11:12:22.401,GUSDT,SHORT,M,T0655:M,0.007424999999999999,0.06,0.008199,1269.0,0.0082025
2026-09-18 11:12:22.895,GUSDT,SHORT,M,T0656:M,0.007424999999999999,0.06,0.0082,1269.0,0.0082015
2026-09-18 11:12:23.294,GUSDT,SHORT,M,T0657:M,0.007424999999999999,0.06,0.008202,1269.0,0.0082015
2026-09-18 11:12:23.795,GUSDT,SHORT,M,T0658:M,0.007424999999999999,0.06,0.008202,1269.0,0.0082015
2026-09-18 11:12:24.865,GUSDT,SHORT,M,T0659:M,0.007424999999999999,0.06,0.008202,1269.0,0.0082015
2026-09-18 11:12:25.345,GUSDT,SHORT,M,T0660:M,0.007424999999999999,0.06,0.0082,1269.0,0.0082015
2026-09-18 11:12:27.652,GUSDT,SHORT,M,T0661:M,0.007424999999999999,0.06,0.008198,1269.0,0.008188
2026-09-18 11:12:29.566,GUSDT,SHORT,M,T0662:M,0.007424999999999999,0.06,0.008187,1269.0,0.0081785
2026-09-18 11:12:30.022,GUSDT,SHORT,M,T0663:M,0.007424999999999999,0.06,0.008186,1269.0,0.008183
2026-09-18 11:12:30.524,GUSDT,SHORT,M,T0664:M,0.007424999999999999,0.06,0.008174,1269.0,0.0081725
2026-09-18 11:12:30.999,GUSDT,SHORT,M,T0665:M,0.007424999999999999,0.06,0.008182,1269.0,0.008173
2026-09-18 11:12:32.205,GUSDT,SHORT,M,T0666:M,0.007424999999999999,0.06,0.008171,1270.0,0.008191
2026-09-18 11:12:32.852,GUSDT,SHORT,M,T0667:M,0.007424999999999999,0.06,0.0081805,1269.0,0.0082005
2026-09-18 11:12:33.890,GUSDT,SHORT,M,T0668:M,0.007424999999999999,0.06,0.008196,1269.0,0.0082015
2026-09-18 11:12:34.336,GUSDT,SHORT,M,T0669:M,0.007424999999999999,0.06,0.008207,1270.0,0.008199000000000001
2026-09-18 11:12:35.624,GUSDT,SHORT,M,T0670:M,0.007424999999999999,0.06,0.0082,1270.0,0.008197
2026-09-18 11:12:36.169,GUSDT,SHORT,M,T0671:M,0.007424999999999999,0.06,0.008198,1269.0,0.008196499999999999
2026-09-18 11:12:37.793,GUSDT,SHORT,M,T0672:M,0.007424999999999999,0.06,0.008198,1270.0,0.008181
2026-09-18 11:12:41.522,GUSDT,SHORT,M,T0673:M,0.007424999999999999,0.06,0.008192,1270.0,0.008176
2026-09-18 11:12:48.111,GUSDT,SHORT,M,T0674:M,0.007424999999999999,0.06,0.008174,1270.0,0.008092
2026-09-18 11:12:53.936,GUSDT,SHORT,M,T0675:M,0.007424999999999999,0.06,0.00816,1269.0,0.008140999999999999
2026-09-18 11:12:57.513,GUSDT,SHORT,M,T0676:M,0.007424999999999999,0.06,0.008112,1269.0,0.00818
2026-09-18 11:12:59.388,GUSDT,SHORT,M,T0677:M,0.007424999999999999,0.06,0.0081765,1269.0,0.008188500000000001
2026-09-18 11:13:01.878,GUSDT,SHORT,M,T0678:M,0.007424999999999999,0.06,0.008186,1269.0,0.008167
2026-09-18 11:13:03.792,GUSDT,SHORT,M,T0679:M,0.007424999999999999,0.06,0.008156,1269.0,0.008161999999999999
2026-09-18 11:13:05.529,GUSDT,SHORT,M,T0680:M,0.007424999999999999,0.06,0.008162,1270.0,0.0081745
2026-09-18 11:13:06.509,GUSDT,SHORT,M,T0681:M,0.007424999999999999,0.06,0.008167,1269.0,0.0081835
2026-09-18 11:13:07.393,GUSDT,SHORT,M,T0682:M,0.007424999999999999,0.06,0.008179,1269.0,0.0081905
2026-09-18 11:13:08.464,GUSDT,SHORT,M,T0683:M,0.007424999999999999,0.06,0.008184,1269.0,0.008188
2026-09-18 11:13:08.843,GUSDT,SHORT,M,T0685:M,0.007424999999999999,0.06,0.008186,1270.0,0.008188
2026-09-18 11:13:09.405,GUSDT,SHORT,M,T0686:M,0.007424999999999999,0.06,0.008186,1270.0,0.0082025
2026-09-18 11:13:09.776,GUSDT,SHORT,M,T0684:M,0.007424999999999999,0.06,0.008186,1269.0,0.0082025
2026-09-18 11:13:10.126,GUSDT,SHORT,M,T0687:M,0.007424999999999999,0.06,0.008189,1270.0,0.0082025
2026-09-18 11:13:10.497,GUSDT,SHORT,M,T0688:M,0.007424999999999999,0.06,0.008191,1270.0,0.0082025
2026-09-18 11:13:11.253,GUSDT,SHORT,M,T0689:M,0.007424999999999999,0.06,0.00819,1270.0,0.00819
2026-09-18 11:13:12.781,GUSDT,SHORT,M,T0690:M,0.007424999999999999,0.06,0.008189,1270.0,0.0081765
2026-09-18 11:13:14.179,GUSDT,SHORT,M,T0691:M,0.007424999999999999,0.06,0.008189,1270.0,0.008175
2026-09-18 11:13:15.756,GUSDT,SHORT,M,T0692:M,0.007424999999999999,0.06,0.008174,1270.0,0.0081695
2026-09-18 11:13:17.682,GUSDT,SHORT,M,T0693:M,0.007424999999999999,0.06,0.008171,1270.0,0.0081735
2026-09-18 11:13:19.144,GUSDT,SHORT,M,T0694:M,0.007424999999999999,0.06,0.008168,1270.0,0.0081845
2026-09-18 11:13:20.419,GUSDT,SHORT,M,T0695:M,0.007424999999999999,0.06,0.008185,1270.0,0.0081765
2026-09-18 11:13:21.428,GUSDT,SHORT,M,T0696:M,0.007424999999999999,0.06,0.0081795,1270.0,0.00818
2026-09-18 11:13:22.332,GUSDT,SHORT,M,T0697:M,0.007424999999999999,0.06,0.008178,1270.0,0.008178999999999999
2026-09-18 11:13:23.069,GUSDT,SHORT,M,T0698:M,0.007424999999999999,0.06,0.008179,1270.0,0.008184
2026-09-18 11:13:25.357,GUSDT,SHORT,M,T0699:M,0.007424999999999999,0.06,0.008178,1270.0,0.008178999999999999
2026-09-18 11:13:28.230,GUSDT,SHORT,M,T0700:M,0.007424999999999999,0.06,0.008181,1270.0,0.0081905
2026-09-18 11:13:30.449,GUSDT,SHORT,M,T0701:M,0.007424999999999999,0.06,0.008192,1270.0,0.0081835
2026-09-18 11:13:31.621,GUSDT,SHORT,M,T0702:M,0.007424999999999999,0.06,0.00818,1270.0,0.0081865
2026-09-18 11:13:32.144,GUSDT,SHORT,M,T0703:M,0.007424999999999999,0.06,0.008186,1270.0,0.008187
2026-09-18 11:13:33.088,GUSDT,SHORT,M,T0704:M,0.007424999999999999,0.06,0.008186,1270.0,0.0081895
2026-09-18 11:13:33.519,GUSDT,SHORT,M,T0705:M,0.007424999999999999,0.06,0.008186,1270.0,0.0081905
2026-09-18 11:13:34.553,GUSDT,SHORT,M,T0706:M,0.007424999999999999,0.06,0.008186,1270.0,0.0081885
2026-09-18 11:13:36.192,GUSDT,SHORT,M,T0707:M,0.007424999999999999,0.06,0.008186,1270.0,0.0081775
2026-09-18 11:13:37.231,GUSDT,SHORT,M,T0708:M,0.007424999999999999,0.06,0.008184,1270.0,0.0081805
2026-09-18 11:13:38.823,GUSDT,SHORT,M,T0709:M,0.007424999999999999,0.06,0.00818,1270.0,0.008187
2026-09-18 11:13:39.894,GUSDT,SHORT,M,T0710:M,0.007424999999999999,0.06,0.008176,1270.0,0.008189
2026-09-18 11:13:40.664,GUSDT,SHORT,M,T0711:M,0.007424999999999999,0.06,0.008186,1270.0,0.0081915
2026-09-18 11:13:42.145,GUSDT,SHORT,M,T0712:M,0.007424999999999999,0.06,0.008193,1270.0,0.0081875
2026-09-18 11:13:44.201,GUSDT,SHORT,M,T0713:M,0.007424999999999999,0.06,0.008187,1270.0,0.008191
2026-09-18 11:13:47.542,GUSDT,SHORT,M,T0714:M,0.007424999999999999,0.06,0.008188,1270.0,0.0082025
2026-09-18 11:13:51.497,GUSDT,SHORT,M,T0715:M,0.007424999999999999,0.06,0.008198,1270.0,0.008226500000000001
2026-09-18 11:13:55.310,GUSDT,SHORT,M,T0716:M,0.007424999999999999,0.06,0.008217,1270.0,0.0082375
2026-09-18 11:13:57.989,GUSDT,SHORT,M,T0717:M,0.007424999999999999,0.06,0.008232,1270.0,0.0082255
2026-09-18 11:13:59.422,GUSDT,SHORT,M,T0718:M,0.007424999999999999,0.06,0.0082285,1270.0,0.0082305
2026-09-18 11:14:00.477,GUSDT,SHORT,M,T0719:M,0.007424999999999999,0.06,0.008228,1264.0,0.0082355
2026-09-18 11:14:03.446,GUSDT,SHORT,M,T0720:M,0.007424999999999999,0.06,0.008233,1270.0,0.008219500000000001
2026-09-18 11:14:04.634,GUSDT,SHORT,M,T0721:M,0.007424999999999999,0.06,0.008217,1270.0,0.008222
2026-09-18 11:14:06.111,GUSDT,SHORT,M,T0723:M,0.007424999999999999,0.06,0.008221,1270.0,0.0082255
2026-09-18 11:14:06.536,GUSDT,SHORT,M,T0722:M,0.007424999999999999,0.06,0.008223,1270.0,0.0082255
2026-09-18 11:14:07.048,GUSDT,SHORT,M,T0724:M,0.007424999999999999,0.06,0.008221,1270.0,0.0082255
2026-09-18 11:14:10.436,GUSDT,SHORT,M,T0725:M,0.007424999999999999,0.06,0.008225,1270.0,0.008216000000000001
2026-09-18 11:14:12.958,GUSDT,SHORT,M,T0726:M,0.007424999999999999,0.06,0.008215,1269.0,0.0081785
2026-09-18 11:14:14.993,GUSDT,SHORT,M,T0727:M,0.007424999999999999,0.06,0.008179,1269.0,0.008168
2026-09-18 11:14:16.528,GUSDT,SHORT,M,T0728:M,0.007424999999999999,0.06,0.008166,1269.0,0.008172
2026-09-18 11:14:17.851,GUSDT,SHORT,M,T0729:M,0.007424999999999999,0.06,0.008174,1269.0,0.0081735
2026-09-18 11:14:18.747,GUSDT,SHORT,M,T0730:M,0.007424999999999999,0.06,0.00817,1269.0,0.008185000000000001
2026-09-18 11:14:19.959,GUSDT,SHORT,M,T0731:M,0.007424999999999999,0.06,0.008184,1269.0,0.0081805
2026-09-18 11:14:21.263,GUSDT,SHORT,M,T0732:M,0.007424999999999999,0.06,0.008183,1269.0,0.008188
2026-09-18 11:14:22.380,GUSDT,SHORT,M,T0733:M,0.007424999999999999,0.06,0.008187,1269.0,0.008188
2026-09-18 11:14:23.890,GUSDT,SHORT,M,T0734:M,0.007424999999999999,0.06,0.0081865,1269.0,0.008181
2026-09-18 11:14:26.448,GUSDT,SHORT,M,T0735:M,0.007424999999999999,0.06,0.008176,1269.0,0.0081915
2026-09-18 11:14:27.419,GUSDT,SHORT,M,T0736:M,0.007424999999999999,0.06,0.008188,1269.0,0.0081875
2026-09-18 11:14:28.927,GUSDT,SHORT,M,T0737:M,0.007424999999999999,0.06,0.0081831,1269.0,0.0081845
2026-09-18 11:14:30.891,GUSDT,SHORT,M,T0738:M,0.007424999999999999,0.06,0.008187,1269.0,0.0081805
2026-09-18 11:14:32.856,GUSDT,SHORT,M,T0739:M,0.007424999999999999,0.06,0.008189,1269.0,0.008173
2026-09-18 11:14:35.056,GUSDT,SHORT,M,T0740:M,0.007424999999999999,0.06,0.008178,1269.0,0.0081785
2026-09-18 11:14:36.240,GUSDT,SHORT,M,T0741:M,0.007424999999999999,0.06,0.008178,1269.0,0.0081775
2026-09-18 11:14:37.022,GUSDT,SHORT,M,T0742:M,0.007424999999999999,0.06,0.008175,1269.0,0.008169
2026-09-18 11:14:38.045,GUSDT,SHORT,M,T0743:M,0.007424999999999999,0.06,0.008173,1269.0,0.0081705
2026-09-18 11:14:38.602,GUSDT,SHORT,M,T0744:M,0.007424999999999999,0.06,0.00817,1269.0,0.008171000000000001
2026-09-18 11:14:39.153,GUSDT,SHORT,M,T0745:M,0.007424999999999999,0.06,0.00817,1269.0,0.0081775
2026-09-18 11:14:40.376,GUSDT,SHORT,M,T0746:M,0.007424999999999999,0.06,0.008172,1269.0,0.008178
2026-09-18 11:14:41.451,GUSDT,SHORT,M,T0747:M,0.007424999999999999,0.06,0.008176,1269.0,0.008176
2026-09-18 11:14:42.497,GUSDT,SHORT,M,T0748:M,0.007424999999999999,0.06,0.008176,1269.0,0.0081795
2026-09-18 11:14:43.202,GUSDT,SHORT,M,T0749:M,0.007424999999999999,0.06,0.008171,1269.0,0.0081855
2026-09-18 11:14:44.095,GUSDT,SHORT,M,T0750:M,0.007424999999999999,0.06,0.008181,1269.0,0.0081925
2026-09-18 11:14:46.540,GUSDT,SHORT,M,T0751:M,0.007424999999999999,0.06,0.008192,1269.0,0.0081815
2026-09-18 11:14:47.204,GUSDT,SHORT,M,T0752:M,0.007424999999999999,0.06,0.00818,1269.0,0.008184
2026-09-18 11:14:48.744,GUSDT,SHORT,M,T0754:M,0.007424999999999999,0.06,0.008181,1269.0,0.008177
2026-09-18 11:14:49.137,GUSDT,SHORT,M,T0753:M,0.007424999999999999,0.06,0.008183,1269.0,0.008177
2026-09-18 11:14:49.762,GUSDT,SHORT,M,T0755:M,0.007424999999999999,0.06,0.008183,1269.0,0.0081775
2026-09-18 11:14:50.170,GUSDT,SHORT,M,T0756:M,0.007424999999999999,0.06,0.008182,1268.0,0.0081775
2026-09-18 11:14:50.544,GUSDT,SHORT,M,T0757:M,0.007424999999999999,0.06,0.008182,1269.0,0.0081775
2026-09-18 11:14:55.305,GUSDT,SHORT,M,T0758:M,0.007424999999999999,0.06,0.008178,1269.0,0.008163
2026-09-18 11:14:58.593,GUSDT,SHORT,M,T0759:M,0.007424999999999999,0.06,0.008167,1269.0,0.008107
2026-09-18 11:14:59.679,GUSDT,SHORT,M,T0760:M,0.007424999999999999,0.06,0.008109,1269.0,0.008088
2026-09-18 11:15:04.714,GUSDT,SHORT,M,T0761:M,0.007424999999999999,0.06,0.008089,1269.0,0.00811
2026-09-18 11:15:13.765,GUSDT,SHORT,M,T0762:M,0.007424999999999999,0.06,0.008105,1269.0,0.008197
2026-09-18 11:15:17.825,GUSDT,SHORT,M,T0763:M,0.007424999999999999,0.06,0.008192,1269.0,0.008247500000000001
2026-09-18 11:15:20.642,GUSDT,SHORT,M,T0764:M,0.007424999999999999,0.06,0.008249,1269.0,0.0082465
2026-09-18 11:15:22.533,GUSDT,SHORT,M,T0765:M,0.007424999999999999,0.06,0.0082471,1269.0,0.008255499999999999
2026-09-18 11:15:24.246,GUSDT,SHORT,M,T0766:M,0.007424999999999999,0.06,0.008255,1269.0,0.008264
2026-09-18 11:15:25.475,GUSDT,SHORT,M,T0767:M,0.007424999999999999,0.06,0.008271,1269.0,0.0082495
2026-09-18 11:15:26.076,GUSDT,SHORT,M,T0768:M,0.007424999999999999,0.06,0.008247,1269.0,0.0082565
2026-09-18 11:15:26.573,GUSDT,SHORT,M,T0769:M,0.007424999999999999,0.06,0.008259,1269.0,0.0082615
2026-09-18 11:15:27.128,GUSDT,SHORT,M,T0770:M,0.007424999999999999,0.06,0.008255,1268.0,0.00826
2026-09-18 11:15:27.511,GUSDT,SHORT,M,T0771:M,0.007424999999999999,0.06,0.00826,1268.0,0.00826
2026-09-18 11:15:28.549,GUSDT,SHORT,M,T0772:M,0.007424999999999999,0.06,0.00826,1268.0,0.008262499999999999
2026-09-18 11:15:29.824,GUSDT,SHORT,M,T0773:M,0.007424999999999999,0.06,0.008258,1269.0,0.00826
2026-09-18 11:15:32.764,GUSDT,SHORT,M,T0774:M,0.007424999999999999,0.06,0.00826,1269.0,0.008258999999999999
2026-09-18 11:15:33.755,GUSDT,SHORT,M,T0775:M,0.007424999999999999,0.06,0.008263,1269.0,0.0082565
2026-09-18 11:15:35.395,GUSDT,SHORT,M,T0776:M,0.007424999999999999,0.06,0.008256,1269.0,0.0082615
2026-09-18 11:15:37.840,GUSDT,SHORT,M,T0777:M,0.007424999999999999,0.06,0.00826,1269.0,0.008249
2026-09-18 11:15:39.131,GUSDT,SHORT,M,T0778:M,0.007424999999999999,0.06,0.008248,1268.0,0.0082375
2026-09-18 11:15:41.882,GUSDT,SHORT,M,T0779:M,0.007424999999999999,0.06,0.008236,1269.0,0.0082225
2026-09-18 11:15:42.977,GUSDT,SHORT,M,T0780:M,0.007424999999999999,0.06,0.008232,1269.0,0.0082225
2026-09-18 11:15:44.910,GUSDT,SHORT,M,T0781:M,0.007424999999999999,0.06,0.00822,1268.0,0.0082235
2026-09-18 11:15:46.799,GUSDT,SHORT,M,T0782:M,0.007424999999999999,0.06,0.008222,1268.0,0.008221
2026-09-18 11:15:47.533,GUSDT,SHORT,M,T0783:M,0.007424999999999999,0.06,0.008221,1268.0,0.008209000000000001
2026-09-18 11:15:48.634,GUSDT,SHORT,M,T0784:M,0.007424999999999999,0.06,0.008218,1268.0,0.008212500000000001
2026-09-18 11:15:51.075,GUSDT,SHORT,M,T0785:M,0.007424999999999999,0.06,0.008211,1268.0,0.0082085
2026-09-18 11:15:52.426,GUSDT,SHORT,M,T0786:M,0.007424999999999999,0.06,0.008212,1268.0,0.0082085
2026-09-18 11:15:54.639,GUSDT,SHORT,M,T0787:M,0.007424999999999999,0.06,0.008209,1268.0,0.008202000000000001
2026-09-18 11:15:56.033,GUSDT,SHORT,M,T0788:M,0.007424999999999999,0.06,0.008204,1268.0,0.0081995
2026-09-18 11:15:57.024,GUSDT,SHORT,M,T0789:M,0.007424999999999999,0.06,0.008191,1268.0,0.008195000000000001
2026-09-18 11:15:58.097,GUSDT,SHORT,M,T0790:M,0.007424999999999999,0.06,0.008197,1268.0,0.008171000000000001
2026-09-18 11:15:59.030,GUSDT,SHORT,M,T0791:M,0.007424999999999999,0.06,0.00817,1268.0,0.008182
2026-09-18 11:15:59.674,GUSDT,SHORT,M,T0792:M,0.007424999999999999,0.06,0.008179,1268.0,0.0081855
2026-09-18 11:16:00.311,GUSDT,SHORT,M,T0793:M,0.007424999999999999,0.06,0.008189,1268.0,0.008192999999999999
2026-09-18 11:16:03.829,GUSDT,SHORT,M,T0794:M,0.007424999999999999,0.06,0.008179,1268.0,0.008153
2026-09-18 11:16:04.867,GUSDT,SHORT,M,T0795:M,0.007424999999999999,0.06,0.008192,1268.0,0.0081565
2026-09-18 11:16:09.169,GUSDT,SHORT,M,T0796:M,0.007424999999999999,0.06,0.0081465,1268.0,0.008160500000000001
2026-09-18 11:16:12.518,GUSDT,SHORT,M,T0797:M,0.007424999999999999,0.06,0.008165,1267.0,0.0081635
2026-09-18 11:16:13.120,GUSDT,SHORT,M,T0798:M,0.007424999999999999,0.06,0.008164,1267.0,0.008161999999999999
2026-09-18 11:16:15.030,GUSDT,SHORT,M,T0799:M,0.007424999999999999,0.06,0.008162,1267.0,0.0081615
2026-09-18 11:16:15.688,GUSDT,SHORT,M,T0800:M,0.007424999999999999,0.06,0.008162,1267.0,0.0081555
2026-09-18 11:16:16.200,GUSDT,SHORT,M,T0801:M,0.007424999999999999,0.06,0.008162,1267.0,0.008154
2026-09-18 11:16:16.692,GUSDT,SHORT,M,T0802:M,0.007424999999999999,0.06,0.008152,1267.0,0.008158499999999999
2026-09-18 11:16:17.067,GUSDT,SHORT,M,T0803:M,0.007424999999999999,0.06,0.008152,1267.0,0.008158499999999999
2026-09-18 11:16:18.198,GUSDT,SHORT,M,T0804:M,0.007424999999999999,0.06,0.00815,1267.0,0.0081665
2026-09-18 11:16:18.525,GUSDT,SHORT,M,T0806:M,0.007424999999999999,0.06,0.008158,1267.0,0.0081665
2026-09-18 11:16:18.862,GUSDT,SHORT,M,T0805:M,0.007424999999999999,0.06,0.008158,1267.0,0.0081665
2026-09-18 11:16:21.047,GUSDT,SHORT,M,T0807:M,0.007424999999999999,0.06,0.008165,1267.0,0.008192999999999999
2026-09-18 11:16:21.563,GUSDT,SHORT,M,T0808:M,0.007424999999999999,0.06,0.008187,1267.0,0.0081945
2026-09-18 11:16:22.111,GUSDT,SHORT,M,T0809:M,0.007424999999999999,0.06,0.008194,1267.0,0.008199
2026-09-18 11:16:23.015,GUSDT,SHORT,M,T0810:M,0.007424999999999999,0.06,0.008191,1267.0,0.0081945
2026-09-18 11:16:23.452,GUSDT,SHORT,M,T0811:M,0.007424999999999999,0.06,0.008196,1267.0,0.0081945
2026-09-18 11:16:29.009,GUSDT,SHORT,M,T0812:M,0.007424999999999999,0.06,0.008197,1267.0,0.008243
2026-09-18 11:16:30.667,GUSDT,SHORT,M,T0813:M,0.007424999999999999,0.06,0.008192,1266.0,0.0082435
2026-09-18 11:16:32.470,GUSDT,SHORT,M,T0814:M,0.007424999999999999,0.06,0.008242,1266.0,0.0082045
2026-09-18 11:16:33.157,GUSDT,SHORT,M,T0815:M,0.007424999999999999,0.06,0.008202,1266.0,0.008199999999999999
2026-09-18 11:16:33.713,GUSDT,SHORT,M,T0816:M,0.007424999999999999,0.06,0.0082,1266.0,0.0081945
2026-09-18 11:16:34.708,GUSDT,SHORT,M,T0817:M,0.007424999999999999,0.06,0.008193,1266.0,0.0081955
2026-09-18 11:16:35.387,GUSDT,SHORT,M,T0818:M,0.007424999999999999,0.06,0.008195,1266.0,0.0082025
2026-09-18 11:16:36.755,GUSDT,SHORT,M,T0819:M,0.007424999999999999,0.06,0.0081989,1266.0,0.0082025
2026-09-18 11:16:37.242,GUSDT,SHORT,M,T0820:M,0.007424999999999999,0.06,0.008202,1266.0,0.008209000000000001
2026-09-18 11:16:38.903,GUSDT,SHORT,M,T0821:M,0.007424999999999999,0.06,0.008205,1266.0,0.0082145
2026-09-18 11:16:39.793,GUSDT,SHORT,M,T0822:M,0.007424999999999999,0.06,0.008213,1266.0,0.0082135
2026-09-18 11:16:40.736,GUSDT,SHORT,M,T0823:M,0.007424999999999999,0.06,0.008216,1266.0,0.008206000000000001
2026-09-18 11:16:41.302,GUSDT,SHORT,M,T0826:M,0.007424999999999999,0.06,0.00821,1266.0,0.008213000000000002
2026-09-18 11:16:41.759,GUSDT,SHORT,M,T0825:M,0.007424999999999999,0.06,0.0082099,1266.0,0.008213000000000002
2026-09-18 11:16:42.142,GUSDT,SHORT,M,T0824:M,0.007424999999999999,0.06,0.00821,1266.0,0.008213000000000002
2026-09-18 11:16:42.539,GUSDT,SHORT,M,T0829:M,0.007424999999999999,0.06,0.008206,1266.0,0.008213000000000002
2026-09-18 11:16:43.038,GUSDT,SHORT,M,T0828:M,0.007424999999999999,0.06,0.008207,1266.0,0.008213000000000002
2026-09-18 11:16:43.469,GUSDT,SHORT,M,T0827:M,0.007424999999999999,0.06,0.008209,1266.0,0.008213000000000002
2026-09-18 11:16:44.666,GUSDT,SHORT,M,T0830:M,0.007424999999999999,0.06,0.008206,1266.0,0.008213999999999999
2026-09-18 11:16:45.089,GUSDT,SHORT,M,T0831:M,0.007424999999999999,0.06,0.008205,1266.0,0.008213999999999999
2026-09-18 11:16:45.511,GUSDT,SHORT,M,T0832:M,0.007424999999999999,0.06,0.008206,1266.0,0.008213999999999999
2026-09-18 11:16:45.929,GUSDT,SHORT,M,T0833:M,0.007424999999999999,0.06,0.008206,1266.0,0.008213999999999999
2026-09-18 11:16:49.726,GUSDT,SHORT,M,T0834:M,0.007424999999999999,0.06,0.008205,1266.0,0.008183
2026-09-18 11:16:54.431,GUSDT,SHORT,M,T0835:M,0.007424999999999999,0.06,0.008212,1265.0,0.0081895
2026-09-18 11:16:58.942,GUSDT,SHORT,M,T0836:M,0.007424999999999999,0.06,0.008192,1265.0,0.0081975
2026-09-18 11:17:02.839,GUSDT,SHORT,M,T0837:M,0.007424999999999999,0.06,0.008195,1265.0,0.008197
2026-09-18 11:17:06.258,GUSDT,SHORT,M,T0838:M,0.007424999999999999,0.06,0.008193,1265.0,0.008205500000000001
2026-09-18 11:17:07.352,GUSDT,SHORT,M,T0839:M,0.007424999999999999,0.06,0.008207,1265.0,0.008202999999999998
2026-09-18 11:17:07.909,GUSDT,SHORT,M,T0840:M,0.007424999999999999,0.06,0.008202,1265.0,0.0082025
2026-09-18 11:17:08.247,GUSDT,SHORT,M,T0841:M,0.007424999999999999,0.06,0.008197,1265.0,0.0082025
2026-09-18 11:17:08.773,GUSDT,SHORT,M,T0842:M,0.007424999999999999,0.06,0.008198,1265.0,0.008205500000000001
2026-09-18 11:17:09.087,GUSDT,SHORT,M,T0843:M,0.007424999999999999,0.06,0.008198,1265.0,0.008205500000000001
2026-09-18 11:17:09.425,GUSDT,SHORT,M,T0844:M,0.007424999999999999,0.06,0.0082,1265.0,0.008205500000000001
2026-09-18 11:17:09.735,GUSDT,SHORT,M,T0845:M,0.007424999999999999,0.06,0.008202,1265.0,0.008205500000000001
2026-09-18 11:17:10.821,GUSDT,SHORT,M,T0846:M,0.007424999999999999,0.06,0.008202,1265.0,0.008203499999999999
2026-09-18 11:17:11.822,GUSDT,SHORT,M,T0847:M,0.007424999999999999,0.06,0.008202,1265.0,0.0082045
2026-09-18 11:17:12.342,GUSDT,SHORT,M,T0848:M,0.007424999999999999,0.06,0.008204,1265.0,0.0082045
2026-09-18 11:17:13.351,GUSDT,SHORT,M,T0850:M,0.007424999999999999,0.06,0.008205,1264.0,0.008196499999999999
2026-09-18 11:17:13.682,GUSDT,SHORT,M,T0851:M,0.007424999999999999,0.06,0.008203,1265.0,0.008196499999999999
2026-09-18 11:17:14.006,GUSDT,SHORT,M,T0849:M,0.007424999999999999,0.06,0.008205,1264.0,0.008196499999999999
2026-09-18 11:17:15.098,GUSDT,SHORT,M,T0852:M,0.007424999999999999,0.06,0.0081971,1264.0,0.0082425
2026-09-18 11:17:15.761,GUSDT,SHORT,M,T0853:M,0.007424999999999999,0.06,0.008237,1264.0,0.0082515
2026-09-18 11:17:16.294,GUSDT,SHORT,M,T0854:M,0.007424999999999999,0.06,0.008253,1264.0,0.0082685
2026-09-18 11:17:22.668,GUSDT,SHORT,M,T0855:M,0.007424999999999999,0.06,0.008262,1264.0,0.008239
2026-09-18 11:17:25.532,GUSDT,SHORT,M,T0856:M,0.007424999999999999,0.06,0.008282,1264.0,0.0082315
2026-09-18 11:17:28.714,GUSDT,SHORT,M,T0857:M,0.007424999999999999,0.06,0.008224,1264.0,0.008205
2026-09-18 11:17:30.959,GUSDT,SHORT,M,T0858:M,0.007424999999999999,0.06,0.008209,1264.0,0.008213000000000002
2026-09-18 11:17:32.814,GUSDT,SHORT,M,T0859:M,0.007424999999999999,0.06,0.008214,1263.0,0.0082205
2026-09-18 11:17:34.831,GUSDT,SHORT,M,T0860:M,0.007424999999999999,0.06,0.00822,1263.0,0.008226
2026-09-18 11:17:36.901,GUSDT,SHORT,M,T0861:M,0.007424999999999999,0.06,0.008222,1264.0,0.008222
2026-09-18 11:17:37.253,GUSDT,SHORT,M,T0862:M,0.007424999999999999,0.06,0.008225,1264.0,0.008222
2026-09-18 11:17:37.582,GUSDT,SHORT,M,T0863:M,0.007424999999999999,0.06,0.008226,1263.0,0.008222
2026-09-18 11:17:37.907,GUSDT,SHORT,M,T0865:M,0.007424999999999999,0.06,0.008225,1263.0,0.008222
2026-09-18 11:17:38.404,GUSDT,SHORT,M,T0864:M,0.007424999999999999,0.06,0.008226,1263.0,0.008222
2026-09-18 11:17:39.138,GUSDT,SHORT,M,T0867:M,0.007424999999999999,0.06,0.008223,1263.0,0.0082215
2026-09-18 11:17:39.493,GUSDT,SHORT,M,T0868:M,0.007424999999999999,0.06,0.008223,1263.0,0.0082215
2026-09-18 11:17:39.862,GUSDT,SHORT,M,T0866:M,0.007424999999999999,0.06,0.008225,1263.0,0.0082215
2026-09-18 11:17:41.666,GUSDT,SHORT,M,T0869:M,0.007424999999999999,0.06,0.008218,1263.0,0.0082335
2026-09-18 11:17:42.485,GUSDT,SHORT,M,T0870:M,0.007424999999999999,0.06,0.008221,1263.0,0.0082405
2026-09-18 11:17:45.970,GUSDT,SHORT,M,T0871:M,0.007424999999999999,0.06,0.008232,1263.0,0.0082445
2026-09-18 11:17:48.386,GUSDT,SHORT,M,T0872:M,0.007424999999999999,0.06,0.008241,1263.0,0.0082465
2026-09-18 11:17:51.098,GUSDT,SHORT,M,T0873:M,0.007424999999999999,0.06,0.008241,1263.0,0.008247
2026-09-18 11:17:56.367,GUSDT,SHORT,M,T0874:M,0.007424999999999999,0.06,0.00825,1263.0,0.008241
2026-09-18 11:18:00.116,GUSDT,SHORT,M,T0875:M,0.007424999999999999,0.06,0.008255,1263.0,0.008253
2026-09-18 11:18:04.064,GUSDT,SHORT,M,T0876:M,0.007424999999999999,0.06,0.00824,1263.0,0.00831
2026-09-18 11:18:07.873,GUSDT,SHORT,M,T0877:M,0.007424999999999999,0.06,0.008262,1263.0,0.008317999999999999
2026-09-18 11:18:10.322,GUSDT,SHORT,M,T0878:M,0.007424999999999999,0.06,0.008326,1263.0,0.008358
2026-09-18 11:18:11.995,GUSDT,SHORT,M,T0879:M,0.007424999999999999,0.06,0.008328,1263.0,0.008316500000000001
2026-09-18 11:18:13.221,GUSDT,SHORT,M,T0880:M,0.007424999999999999,0.06,0.0083188,1263.0,0.00833
2026-09-18 11:18:14.213,GUSDT,SHORT,M,T0881:M,0.007424999999999999,0.06,0.008322,1263.0,0.008335
2026-09-18 11:18:15.174,GUSDT,SHORT,M,T0882:M,0.007424999999999999,0.06,0.008338,1264.0,0.008329
2026-09-18 11:18:16.132,GUSDT,SHORT,M,T0883:M,0.007424999999999999,0.06,0.008335,1263.0,0.0083445
2026-09-18 11:18:16.551,GUSDT,SHORT,M,T0884:M,0.007424999999999999,0.06,0.008334,1263.0,0.0083445
2026-09-18 11:18:16.909,GUSDT,SHORT,M,T0885:M,0.007424999999999999,0.06,0.008335,1263.0,0.0083445
2026-09-18 11:18:17.503,GUSDT,SHORT,M,T0886:M,0.007424999999999999,0.06,0.008335,1263.0,0.0083445
2026-09-18 11:18:17.974,GUSDT,SHORT,M,T0888:M,0.007424999999999999,0.06,0.008328,1263.0,0.0083445
2026-09-18 11:18:18.349,GUSDT,SHORT,M,T0887:M,0.007424999999999999,0.06,0.008336,1263.0,0.0083445
2026-09-18 11:18:19.103,GUSDT,SHORT,M,T0889:M,0.007424999999999999,0.06,0.008329,1263.0,0.008345
2026-09-18 11:18:20.373,GUSDT,SHORT,M,T0890:M,0.007424999999999999,0.06,0.008328,1263.0,0.0083815
2026-09-18 11:18:22.335,GUSDT,SHORT,M,T0891:M,0.007424999999999999,0.06,0.008337,1263.0,0.0084055
2026-09-18 11:18:30.557,GUSDT,SHORT,M,T0892:M,0.007424999999999999,0.06,0.008394,1263.0,0.008425499999999999
2026-09-18 11:18:32.612,GUSDT,SHORT,M,T0893:M,0.007424999999999999,0.06,0.008418,1263.0,0.0084515
2026-09-18 11:18:33.142,GUSDT,SHORT,M,T0894:M,0.007424999999999999,0.06,0.008459,1263.0,0.008445000000000001
2026-09-18 11:18:34.243,GUSDT,SHORT,M,T0895:M,0.007424999999999999,0.06,0.008437,1263.0,0.0084335
2026-09-18 11:18:34.601,GUSDT,SHORT,M,T0896:M,0.007424999999999999,0.06,0.00844,1263.0,0.0084335
2026-09-18 11:18:35.309,GUSDT,SHORT,M,T0897:M,0.007424999999999999,0.06,0.008444,1263.0,0.0084405
2026-09-18 11:18:35.941,GUSDT,SHORT,M,T0898:M,0.007424999999999999,0.06,0.008438,1263.0,0.008434
2026-09-18 11:18:36.513,GUSDT,SHORT,M,T0899:M,0.007424999999999999,0.06,0.00843,1264.0,0.0084425
2026-09-18 11:18:37.023,GUSDT,SHORT,M,T0900:M,0.007424999999999999,0.06,0.008441,1264.0,0.008442999999999999
2026-09-18 11:18:37.494,GUSDT,SHORT,M,T0901:M,0.007424999999999999,0.06,0.0084417,1264.0,0.008442999999999999
2026-09-18 11:18:38.012,GUSDT,SHORT,M,T0902:M,0.007424999999999999,0.06,0.00844,1264.0,0.0084425
2026-09-18 11:18:38.624,GUSDT,SHORT,M,T0903:M,0.007424999999999999,0.06,0.00844,1264.0,0.008461
2026-09-18 11:18:39.024,GUSDT,SHORT,M,T0904:M,0.007424999999999999,0.06,0.008441,1264.0,0.008468
2026-09-18 11:18:39.682,GUSDT,SHORT,M,T0905:M,0.007424999999999999,0.06,0.0084411,1264.0,0.008468
2026-09-18 11:18:40.256,GUSDT,SHORT,M,T0906:M,0.007424999999999999,0.06,0.008464,1264.0,0.008476000000000001
2026-09-18 11:18:41.855,GUSDT,SHORT,M,T0907:M,0.007424999999999999,0.06,0.008473,1265.0,0.008486
2026-09-18 11:18:42.579,GUSDT,SHORT,M,T0908:M,0.007424999999999999,0.06,0.008482,1265.0,0.0084625
2026-09-18 11:18:43.752,GUSDT,SHORT,M,T0909:M,0.007424999999999999,0.06,0.008461,1265.0,0.008459000000000001
2026-09-18 11:18:44.876,GUSDT,SHORT,M,T0910:M,0.007424999999999999,0.06,0.008461,1265.0,0.008452999999999999
2026-09-18 11:18:45.965,GUSDT,SHORT,M,T0911:M,0.007424999999999999,0.06,0.008454,1265.0,0.0084575
2026-09-18 11:18:47.059,GUSDT,SHORT,M,T0912:M,0.007424999999999999,0.06,0.008459,1264.0,0.008459
2026-09-18 11:18:48.332,GUSDT,SHORT,M,T0913:M,0.007424999999999999,0.06,0.008457,1264.0,0.0084595
2026-09-18 11:18:53.149,GUSDT,SHORT,M,T0914:M,0.007424999999999999,0.06,0.008458,1264.0,0.008462500000000001
2026-09-18 11:18:59.157,GUSDT,SHORT,M,T0915:M,0.007424999999999999,0.06,0.008454,1264.0,0.008459000000000001
2026-09-18 20:03:22.019,AKEUSDT,SHORT,M,T0001:M,0.0368925,0.06,0.0384402,255.0,0.0384245
2026-09-18 20:10:43.832,LSKUSDT,LONG,M,T0002:M,0.43937499999999996,0.06,0.40951,24.0,0.41729499999999997
2026-09-18 20:10:44.656,LSKUSDT,LONG,M,T0003:M,0.43937499999999996,0.06,0.41125,24.0,0.41778
2026-09-19 00:00:09.150,REDUSDT,SHORT,M,T0004:M,0.14625,0.06,0.1549,64.0,0.15410000000000001
2026-09-19 08:01:16.330,B2USDT,LONG,M,T0001:M,0.4622,0.06,0.4651435,23.0,0.46555
2026-09-19 08:01:28.523,B2USDT,SHORT,M,T0002:M,0.46604999999999996,0.06,0.4831,19.0,0.4864
2026-09-19 08:02:42.704,B2USDT,SHORT,M,T0003:M,0.54555,0.06,0.5801,17.0,0.5809500000000001
2026-09-19 08:03:43.954,B2USDT,SHORT,M,T0004:M,0.6594,0.06,0.6935,14.0,0.6839500000000001
2026-09-19 08:05:06.834,B2USDT,SHORT,M,T0005:M,0.7255,0.06,0.7814,12.0,0.78705
2026-09-19 08:31:29.178,B2USDT,SHORT,M,T0007:M,0.82525,0.06,0.857,11.0,0.8574999999999999
2026-09-19 14:41:04.697,B2USDT,LONG,M,T0001:M,0.69535,0.06,0.6483,15.0,0.64695
2026-09-19 18:19:43.184,ONEUSDT,SHORT,M,T0002:M,0.0036252999999999997,0.06,0.0038482,2600.0,0.00386345
2026-09-20 10:21:12.731,UBUSDT,SHORT,M,T0001:M,0.161485,0.06,0.16815,57.0,0.162595
2026-09-20 10:21:14.522,KMNOUSDT,SHORT,M,T0003:M,0.026165,0.06,0.02698,359.0,0.026590000000000003
2026-09-20 10:21:14.892,AKEUSDT,SHORT,M,T0002:M,0.09834399999999999,0.06,0.100159,94.0,0.100377
2026-09-20 10:21:21.096,AKEUSDT,SHORT,M,T0004:M,0.1059425,0.06,0.103246,89.0,0.107355
2026-09-20 10:21:59.791,AKEUSDT,SHORT,M,T0005:M,0.113944,0.06,0.117738,82.0,0.115056
2026-09-20 10:31:11.772,AKEUSDT,SHORT,M,T0006:M,0.1310225,0.06,0.139552,71.0,0.135836
2026-09-20 10:31:14.729,MIRAUSDT,SHORT,M,T0007:M,0.048455,0.06,0.05337,194.0,0.052095
2026-09-20 10:31:15.110,ENSOUSDT,SHORT,M,T0008:M,0.9758,0.06,1.0695,9.6,1.05085
2026-09-20 10:31:17.129,PLUMEUSDT,LONG,M,T0009:M,0.013495,0.06,0.01222,788.0,0.01227
2026-09-20 10:31:22.053,AKEUSDT,SHORT,M,T0010:M,0.1376865,0.06,0.146903,68.0,0.141126
2026-09-20 10:32:45.960,AKEUSDT,SHORT,M,T0011:M,0.1402965,0.06,0.148624,67.0,0.149006
2026-09-21 05:52:36.623,SOLVUSDT,LONG,M,T0001:M,0.0041285,0.06,0.00387,2632.0,0.003862
2026-09-21 05:54:13.696,IOUSDT,LONG,M,T0002:M,0.14945,0.06,0.1449,71.4,0.14500000000000002
2026-09-21 14:47:06.705,UAIUSDT,LONG,M,T0001:M,0.6374,0.06,0.586,16.0,0.5874
2026-09-21 16:31:39.321,UAIUSDT,LONG,M,T0002:M,0.59705,0.06,0.5215059,17.0,0.52165
2026-09-21 16:56:06.269,UAIUSDT,LONG,M,T0003:M,0.48155000000000003,0.06,0.4133,22.0,0.4128
2026-09-21 16:59:14.561,UAIUSDT,LONG,M,T0004:M,0.43445,0.06,0.398,25.0,0.399
2026-09-21 19:14:46.911,ONGUSDT,LONG,M,T0001:M,0.08961,0.06,0.08415,118.0,0.08898
2026-09-22 02:53:58.497,FORMUSDC,LONG,M,T0002:M,0.34440000000000004,0.04,0.3306,302.4,0.33005
2026-09-22 02:53:58.761,FORMUSDT,LONG,M,T0001:M,0.34455,0.04,0.33075,302.3,0.33115
2026-09-22 04:48:19.502,AGTUSDT,SHORT,M,T0001:M,0.020651999999999997,0.06,0.0224198,4481.0,0.022597
2026-09-22 05:08:53.427,KITEUSDC,LONG,M,T0001:M,0.1217,0.04,0.11165,895.6,0.1216
2026-09-22 05:11:44.587,SKRUSDT,LONG,M,T0002:M,0.023361,0.06,0.02173,4555.0,0.021768
2026-09-22 05:33:51.595,PHAUSDC,LONG,M,T0003:M,0.0513,0.04,0.0492,2032.0,0.04915
2026-09-22 05:33:51.881,PHAUSDT,LONG,M,T0002:M,0.0513,0.04,0.0492,2032.0,0.049049999999999996
2026-09-22 05:35:06.416,PHAUSDC,LONG,M,T0004:M,0.048,0.04,0.045950000000000005,2176.0,0.04615
2026-09-22 05:42:57.160,AGTUSDT,LONG,M,T0003:M,0.0251925,0.06,0.0230187,4256.0,0.0233405
2026-09-22 06:25:46.426,PTBUSDT,LONG,M,T0004:M,0.0010113000000000001,0.06,0.0009483,105285.0,0.0009469
2026-09-22 06:31:09.035,EULUSDT,LONG,M,T0005:M,1.411,0.06,1.379005,75.5,1.3878499999999998
2026-09-22 06:49:49.042,ZESTUSDT,LONG,M,T0006:M,0.15199000000000001,0.06,0.1417261,704.0,0.141635
2026-09-22 06:54:48.544,AGTUSDT,LONG,M,T0007:M,0.024506,0.06,0.022573,4433.0,0.0225365
2026-09-22 06:57:57.841,AGTUSDT,SHORT,M,T0008:M,0.0216785,0.06,0.023092,4343.0,0.023149
2026-09-22 08:58:10.227,AGTUSDT,LONG,M,T0001:M,0.0241835,0.06,0.022884,4399.0,0.023216
2026-09-22 09:22:08.483,AGTUSDT,LONG,M,T0001:M,0.022363,0.06,0.0211759,4762.0,0.021256
2026-09-22 09:47:45.886,AGTUSDT,LONG,M,T0002:M,0.0210845,0.06,0.0196652,5049.0,0.019572
2026-09-22 10:13:16.503,SXTUSDC,LONG,M,T0005:M,0.00876,0.04,0.00823,12150.6,0.008755
2026-09-22 10:19:36.081,AGTUSDT,LONG,M,T0003:M,0.020130000000000002,0.06,0.018291,5402.0,0.017741
2026-09-22 10:25:41.843,TURTLEUSDC,LONG,M,T0006:M,0.04345,0.04,0.03995,2503.1,0.042300000000000004
2026-09-22 10:25:43.081,TURTLEUSDC,LONG,M,T0007:M,0.04345,0.04,0.0364,2747.2,0.04325
2026-09-22 10:25:44.176,TURTLEUSDC,LONG,M,T0008:M,0.04325,0.04,0.0364,2747.2,0.0433
2026-09-22 10:32:46.645,AGTUSDT,SHORT,M,T0004:M,0.016121499999999997,0.06,0.0179139,5800.0,0.017944500000000002
2026-09-22 10:32:51.695,AGTUSDT,SHORT,M,T0005:M,0.018166,0.06,0.019,5193.0,0.0192115
2026-09-22 10:34:07.705,AGTUSDT,SHORT,M,T0006:M,0.017981,0.06,0.019234,5242.0,0.0192885
2026-09-22 13:31:03.841,CYPHUSDT,SHORT,M,T0001:M,3.536,0.06,3.667973,26.67,3.6405000000000003
2026-09-22 14:01:50.499,PYTHUSDT,SHORT,M,T0001:M,0.063145,0.06,0.06752,1491.0,0.06750500000000001
2026-09-22 19:11:43.314,MOVRUSDT,SHORT,M,T0001:M,0.9155,0.06,0.9717,10.3,0.9716
2026-09-22 19:11:44.934,MOVRUSDT,SHORT,M,T0002:M,0.9155,0.06,0.9822,10.28,0.98275
2026-09-22 19:11:47.129,MOVRUSDT,SHORT,M,T0003:M,0.9155,0.06,0.9699,10.27,0.9695
2026-09-22 19:11:50.568,MOVRUSDT,SHORT,M,T0004:M,0.9155,0.06,0.9717,10.29,0.97235
2026-09-22 19:11:53.642,MOVRUSDT,SHORT,M,T0005:M,0.9155,0.06,0.9781,10.27,0.9787
2026-09-22 19:15:40.980,FOLKSUSDT,SHORT,M,T0006:M,2.317,0.06,2.476,4.0,2.4805
2026-09-22 19:15:45.668,FOLKSUSDT,SHORT,M,T0007:M,2.317,0.06,2.466,4.0,2.468
2026-09-22 19:15:47.876,FOLKSUSDT,SHORT,M,T0008:M,2.317,0.06,2.464,4.0,2.4665
2026-09-22 19:25:30.860,ONUSDT,LONG,M,T0009:M,0.14934999999999998,0.06,0.1416,71.0,0.1417
2026-09-22 19:25:40.022,ONUSDT,LONG,M,T0010:M,0.14934999999999998,0.06,0.1351,72.0,0.13540000000000002
2026-09-22 19:25:42.680,ONUSDT,LONG,M,T0011:M,0.14934999999999998,0.06,0.1377,72.0,0.1375
2026-09-22 19:25:44.681,ONUSDT,LONG,M,T0012:M,0.14934999999999998,0.06,0.138,72.0,0.13790000000000002
2026-09-22 19:25:46.833,ONUSDT,LONG,M,T0013:M,0.14934999999999998,0.06,0.138,72.0,0.13790000000000002
2026-09-22 19:25:48.971,ONUSDT,LONG,M,T0014:M,0.14934999999999998,0.06,0.1378,72.0,0.13774999999999998
2026-09-22 19:25:51.284,ONUSDT,LONG,M,T0015:M,0.14934999999999998,0.06,0.1383,72.0,0.1382
2026-09-23 07:10:43.274,B2USDT,LONG,M,T0001:M,0.49829999999999997,0.06,0.4673,21.0,0.46405
2026-09-23 07:47:47.095,B2USDT,SHORT,M,T0003:M,0.37424999999999997,0.06,0.3964,25.0,0.39975
2026-09-23 08:48:46.268,MYXUSDT,LONG,M,T0004:M,0.08473,0.06,0.0804113,126.0,0.08045
2026-09-23 09:46:02.752,MUBARAKUSDT,LONG,M,T0001:M,0.062314999999999995,0.06,0.05842,170.0,0.058275
2026-09-26 09:39:56.241,MAGMAUSDT,LONG,M,T0001:M,0.25893,0.06,0.2435149,41.0,0.243665
2026-09-26 09:40:08.287,MAGMAUSDT,LONG,M,T0002:M,0.23922,0.06,0.2275107,44.0,0.227475
2026-09-26 14:19:29.441,BTWUSDT,LONG,M,T0001:M,0.979,0.06,0.9064,11.0,0.907
2026-09-26 14:37:32.020,JELLYJELLYUSDT,LONG,M,T0001:M,0.06328500000000001,0.06,0.06113,168.0,0.060535
2026-09-26 16:32:58.205,QUSDT,LONG,M,T0002:M,0.041088,0.06,0.039428,259.0,0.0393765
2026-09-26 16:34:31.866,QUSDT,LONG,M,T0003:M,0.0347635,0.06,0.03256,307.0,0.032565
2026-09-26 16:35:11.380,QUSDT,LONG,M,T0004:M,0.0313485,0.06,0.0290313,344.0,0.029006999999999998
2026-09-26 16:35:19.351,QUSDT,LONG,M,T0005:M,0.030069,0.06,0.0283187,355.0,0.0281845
2026-09-26 16:35:23.595,QUSDT,LONG,M,T0006:M,0.030069,0.06,0.0271032,367.0,0.027138
2026-09-26 16:40:12.241,QUSDT,LONG,M,T0007:M,0.0232845,0.06,0.020796,456.0,0.02089
2026-09-26 16:40:16.671,QUSDT,LONG,M,T0008:M,0.024423,0.06,0.0209124,477.0,0.021024
2026-09-26 16:40:19.858,QUSDT,LONG,M,T0009:M,0.02182,0.06,0.0203692,489.0,0.020568000000000003
2026-09-27 02:09:55.049,CTRUSDT,LONG,M,T0001:M,0.013170999999999999,0.06,0.012298,0.0,0.0125035
