脚本,版本,币种,腿,方向,类型,北京时间,UTC毫秒,价格,净值U,出场方式,锚价base,墙位trig
resident,旧2%,ACTUSDT,R,LONG,开仓,09-05 21:14:08,1788614048000,0.0100998,0.0000,-,0.011222,0.0100998
resident,旧2%,ACTUSDT,R,LONG,平仓,09-05 21:14:09,1788614049000,0.01060479,0.4900,路线A,0.011222,0.0100998
resident,旧1%,ACTUSDT,R,LONG,开仓,09-05 21:14:08,1788614048000,0.01010295,0.0000,-,0.0112255,0.01010295
resident,旧1%,ACTUSDT,R,LONG,平仓,09-05 21:14:09,1788614049000,0.010608098,0.4900,路线A,0.0112255,0.01010295
resident,新1%,ACTUSDT,R,LONG,开仓,09-05 21:14:08,1788614048000,0.01010295,0.0000,-,0.0112255,0.01010295
resident,新1%,ACTUSDT,R,LONG,平仓,09-05 21:14:09,1788614049000,0.01077648,0.6567,路线A,0.0112255,0.01010295
resident,新2%,ACTUSDT,R,LONG,开仓,09-05 21:14:08,1788614048000,0.0100998,0.0000,-,0.011222,0.0100998
resident,新2%,ACTUSDT,R,LONG,平仓,09-05 21:14:09,1788614049000,0.01077312,0.6567,路线A,0.011222,0.0100998
resident,旧2%,BARDUSDT,R,SHORT,开仓,08-31 20:18:18,1788178698000,0.14553,0.0000,-,0.1323,0.14553
resident,旧2%,BARDUSDT,R,SHORT,平仓,08-31 20:18:30,1788178710000,0.1382535,0.4930,TP限价,0.1323,0.14553
resident,旧1%,BARDUSDT,R,SHORT,开仓,08-31 20:18:18,1788178698000,0.14707,0.0000,-,0.1337,0.14707
resident,旧1%,BARDUSDT,R,SHORT,平仓,08-31 20:18:19,1788178699000,0.1397165,0.4900,路线A,0.1337,0.14707
resident,新1%,BARDUSDT,R,SHORT,开仓,08-31 20:18:18,1788178698000,0.14707,0.0000,-,0.1337,0.14707
resident,新1%,BARDUSDT,R,SHORT,平仓,08-31 20:18:20,1788178700000,0.141722,0.3536,B利润带,0.1337,0.14707
resident,新2%,BARDUSDT,R,SHORT,开仓,08-31 20:18:18,1788178698000,0.14553,0.0000,-,0.1323,0.14553
resident,新2%,BARDUSDT,R,SHORT,平仓,08-31 20:18:20,1788178700000,0.140238,0.3536,B利润带,0.1323,0.14553
exp11,旧,BARDUSDT,R,SHORT,开仓,08-31 20:18:18,1788178698000,0.152145,0.0000,-,0.1323,0.152145
exp11,旧,BARDUSDT,R,SHORT,平仓,08-31 20:18:19,1788178699000,0.14758065,0.0879,TP限价,0.1323,0.152145
resident,旧2%,BELUSDT,R,LONG,开仓,09-04 20:48:14,1788526094000,0.1068255,0.0000,-,0.118695,0.1068255
resident,旧2%,BELUSDT,R,LONG,平仓,09-04 20:48:15,1788526095000,0.11216678,0.4900,路线A,0.118695,0.1068255
resident,旧1%,BELUSDT,R,LONG,开仓,09-04 20:48:14,1788526094000,0.106164,0.0000,-,0.11796,0.106164
resident,旧1%,BELUSDT,R,LONG,平仓,09-04 20:48:15,1788526095000,0.1114722,0.4900,路线A,0.11796,0.106164
resident,新1%,BELUSDT,R,LONG,开仓,09-04 20:48:14,1788526094000,0.106164,0.0000,-,0.11796,0.106164
resident,新1%,BELUSDT,R,LONG,平仓,09-04 20:48:15,1788526095000,0.1132416,0.6567,路线A,0.11796,0.106164
resident,新2%,BELUSDT,R,LONG,开仓,09-04 20:48:14,1788526094000,0.1068255,0.0000,-,0.118695,0.1068255
resident,新2%,BELUSDT,R,LONG,平仓,09-04 20:48:15,1788526095000,0.1139472,0.6567,路线A,0.118695,0.1068255
resident,旧2%,BOMEUSDT,R,LONG,开仓,09-04 20:30:10,1788525010000,0.00077346,0.0000,-,0.0008594,0.00077346
resident,旧2%,BOMEUSDT,R,LONG,平仓,09-04 20:30:11,1788525011000,0.000812133,0.4900,路线A,0.0008594,0.00077346
resident,旧1%,BOMEUSDT,R,LONG,开仓,09-04 20:30:10,1788525010000,0.000778545,0.0000,-,0.00086505,0.000778545
resident,旧1%,BOMEUSDT,R,LONG,平仓,09-04 20:30:11,1788525011000,0.00081747225,0.4900,路线A,0.00086505,0.000778545
resident,新1%,BOMEUSDT,R,LONG,开仓,09-04 20:30:10,1788525010000,0.000778545,0.0000,-,0.00086505,0.000778545
resident,新1%,BOMEUSDT,R,LONG,平仓,09-04 20:30:12,1788525012000,0.000813147,0.4344,B利润带,0.00086505,0.000778545
resident,新2%,BOMEUSDT,R,LONG,开仓,09-04 20:30:10,1788525010000,0.00077346,0.0000,-,0.0008594,0.00077346
resident,新2%,BOMEUSDT,R,LONG,平仓,09-04 20:30:12,1788525012000,0.000807836,0.4344,B利润带,0.0008594,0.00077346
resident,旧2%,DASHUSDT,R,SHORT,开仓,09-06 21:47:10,1788702430000,75.3665,0.0000,-,68.515,75.3665
resident,旧2%,DASHUSDT,R,SHORT,平仓,09-06 21:47:10,1788702430000,71.598175,0.4900,路线A(同秒),68.515,75.3665
resident,旧1%,DASHUSDT,R,SHORT,开仓,09-06 21:47:10,1788702430000,75.3665,0.0000,-,68.515,75.3665
resident,旧1%,DASHUSDT,R,SHORT,平仓,09-06 21:47:10,1788702430000,71.598175,0.4900,路线A(同秒),68.515,75.3665
resident,新1%,DASHUSDT,R,SHORT,开仓,09-06 21:47:10,1788702430000,75.3665,0.0000,-,68.515,75.3665
resident,新1%,DASHUSDT,R,SHORT,平仓,09-06 21:47:10,1788702430000,71.2556,0.5355,路线A(同秒),68.515,75.3665
resident,新2%,DASHUSDT,R,SHORT,开仓,09-06 21:47:10,1788702430000,75.3665,0.0000,-,68.515,75.3665
resident,新2%,DASHUSDT,R,SHORT,平仓,09-06 21:47:10,1788702430000,71.2556,0.5355,路线A(同秒),68.515,75.3665
resident,旧2%,FILUSDT,R,LONG,开仓,09-04 20:30:05,1788525005000,0.70002,0.0000,-,0.7778,0.70002
resident,旧2%,FILUSDT,R,LONG,平仓,09-04 20:30:05,1788525005000,0.735021,0.4900,路线A(同秒),0.7778,0.70002
resident,新2%,FILUSDT,R,LONG,开仓,09-04 20:30:05,1788525005000,0.70002,0.0000,-,0.7778,0.70002
resident,新2%,FILUSDT,R,LONG,平仓,09-04 20:30:05,1788525005000,0.746688,0.6567,路线A(同秒),0.7778,0.70002
resident,旧2%,ICPUSDT,R,LONG,开仓,09-04 20:30:10,1788525010000,2.322,0.0000,-,2.58,2.322
resident,旧2%,ICPUSDT,R,LONG,平仓,09-04 20:30:11,1788525011000,2.4381,0.4900,路线A,2.58,2.322
resident,新2%,ICPUSDT,R,LONG,开仓,09-04 20:30:10,1788525010000,2.322,0.0000,-,2.58,2.322
resident,新2%,ICPUSDT,R,LONG,平仓,09-04 20:30:12,1788525012000,2.4252,0.4344,B利润带,2.58,2.322
resident,旧2%,JTOUSDT,R,LONG,开仓,09-04 20:31:42,1788525102000,0.37647,0.0000,-,0.4183,0.37647
resident,旧2%,JTOUSDT,R,LONG,平仓,09-04 20:31:43,1788525103000,0.3952935,0.4900,路线A,0.4183,0.37647
resident,旧1%,JTOUSDT,R,LONG,开仓,09-04 20:31:42,1788525102000,0.37575,0.0000,-,0.4175,0.37575
resident,旧1%,JTOUSDT,R,LONG,平仓,09-04 20:31:43,1788525103000,0.3945375,0.4900,路线A,0.4175,0.37575
resident,新1%,JTOUSDT,R,LONG,开仓,09-04 20:31:42,1788525102000,0.37575,0.0000,-,0.4175,0.37575
resident,新1%,JTOUSDT,R,LONG,平仓,09-04 20:31:43,1788525103000,0.4008,0.6567,路线A,0.4175,0.37575
resident,新2%,JTOUSDT,R,LONG,开仓,09-04 20:31:42,1788525102000,0.37647,0.0000,-,0.4183,0.37647
resident,新2%,JTOUSDT,R,LONG,平仓,09-04 20:31:43,1788525103000,0.401568,0.6567,路线A,0.4183,0.37647
resident,旧2%,LPTUSDT,R,LONG,开仓,09-04 20:30:11,1788525011000,1.2762,0.0000,-,1.418,1.2762
resident,旧2%,LPTUSDT,R,LONG,平仓,09-04 20:30:12,1788525012000,1.34001,0.4900,路线A,1.418,1.2762
resident,旧1%,LPTUSDT,R,LONG,开仓,09-04 20:30:11,1788525011000,1.26675,0.0000,-,1.4075,1.26675
resident,旧1%,LPTUSDT,R,LONG,平仓,09-04 20:30:12,1788525012000,1.3300875,0.4900,路线A,1.4075,1.26675
resident,新1%,LPTUSDT,R,LONG,开仓,09-04 20:30:11,1788525011000,1.26675,0.0000,-,1.4075,1.26675
resident,新1%,LPTUSDT,R,LONG,平仓,09-04 20:30:12,1788525012000,1.3512,0.6567,路线A,1.4075,1.26675
resident,新2%,LPTUSDT,R,LONG,开仓,09-04 20:30:11,1788525011000,1.2762,0.0000,-,1.418,1.2762
resident,新2%,LPTUSDT,R,LONG,平仓,09-04 20:30:13,1788525013000,1.33292,0.4344,B利润带,1.418,1.2762
resident,旧2%,MARSCOINUSDT,R,SHORT,开仓,09-04 18:15:04,1788516904000,0.1269,0.0000,-,0.10978,0.120758
resident,旧2%,MARSCOINUSDT,R,SHORT,平仓,09-04 18:15:14,1788516914000,0.13959,-1.0100,SL/保本,0.10978,0.120758
resident,旧1%,MARSCOINUSDT,R,SHORT,开仓,09-04 18:15:04,1788516904000,0.1269,0.0000,-,0.11003,0.121033
resident,旧1%,MARSCOINUSDT,R,SHORT,平仓,09-04 18:15:14,1788516914000,0.13959,-1.0100,SL/保本,0.11003,0.121033
resident,新1%,MARSCOINUSDT,R,SHORT,开仓,09-04 18:15:04,1788516904000,0.1269,0.0000,-,0.11003,0.121033
resident,新1%,MARSCOINUSDT,R,SHORT,平仓,09-04 18:15:08,1788516908000,0.133245,-0.5100,B亏损上限,0.11003,0.121033
resident,新2%,MARSCOINUSDT,R,SHORT,开仓,09-04 18:15:04,1788516904000,0.1269,0.0000,-,0.10978,0.120758
resident,新2%,MARSCOINUSDT,R,SHORT,平仓,09-04 18:15:08,1788516908000,0.133245,-0.5100,B亏损上限,0.10978,0.120758
exp11,旧,MARSCOINUSDT,R,SHORT,开仓,09-04 18:15:04,1788516904000,0.1269,0.0000,-,0.10978,0.126247
exp11,旧,MARSCOINUSDT,R,SHORT,平仓,09-04 18:15:10,1788516910000,0.129438,-0.0630,快砍-2%,0.10978,0.126247
exp11,新1%,MARSCOINUSDT,R,SHORT,开仓,09-04 18:15:04,1788516904000,0.1269,0.0000,-,0.11003,0.1265345
exp11,新1%,MARSCOINUSDT,R,SHORT,平仓,09-04 18:15:08,1788516908000,0.133245,-0.1530,B亏损上限,0.11003,0.1265345
resident,旧2%,PORTALUSDT,R,LONG,开仓,09-02 12:11:02,1788322262000,0.0128205,0.0000,-,0.014245,0.0128205
resident,旧2%,PORTALUSDT,R,LONG,平仓,09-02 12:11:03,1788322263000,0.013461525,0.4900,路线A,0.014245,0.0128205
resident,旧2%,PORTALUSDT,R,LONG,开仓,09-05 19:35:01,1788608101000,0.015039,0.0000,-,0.01671,0.015039
resident,旧2%,PORTALUSDT,R,LONG,平仓,09-05 19:35:02,1788608102000,0.01579095,0.4900,路线A,0.01671,0.015039
resident,新2%,PORTALUSDT,R,LONG,开仓,09-02 12:11:02,1788322262000,0.0128205,0.0000,-,0.014245,0.0128205
resident,新2%,PORTALUSDT,R,LONG,平仓,09-02 12:11:03,1788322263000,0.0136752,0.6567,路线A,0.014245,0.0128205
resident,新2%,PORTALUSDT,R,LONG,开仓,09-05 19:35:01,1788608101000,0.015039,0.0000,-,0.01671,0.015039
resident,新2%,PORTALUSDT,R,LONG,平仓,09-05 19:35:02,1788608102000,0.0160416,0.6567,路线A,0.01671,0.015039
resident,旧2%,ROBOUSDT,R,LONG,开仓,09-04 20:30:11,1788525011000,0.0102735,0.0000,-,0.011415,0.0102735
resident,旧2%,ROBOUSDT,R,LONG,平仓,09-04 20:30:12,1788525012000,0.010787175,0.4900,路线A,0.011415,0.0102735
resident,旧2%,ROBOUSDT,R,LONG,开仓,09-04 20:30:12,1788525012000,0.009954,0.0000,-,0.01106,0.009954
resident,旧2%,ROBOUSDT,R,LONG,平仓,09-04 20:30:13,1788525013000,0.0104517,0.4900,路线A,0.01106,0.009954
resident,旧1%,ROBOUSDT,R,LONG,开仓,09-04 20:30:11,1788525011000,0.0102735,0.0000,-,0.011415,0.0102735
resident,旧1%,ROBOUSDT,R,LONG,平仓,09-04 20:30:12,1788525012000,0.010787175,0.4900,路线A,0.011415,0.0102735
resident,旧1%,ROBOUSDT,R,LONG,开仓,09-04 20:30:12,1788525012000,0.009954,0.0000,-,0.01106,0.009954
resident,旧1%,ROBOUSDT,R,LONG,平仓,09-04 20:30:13,1788525013000,0.0104517,0.4900,路线A,0.01106,0.009954
resident,新1%,ROBOUSDT,R,LONG,开仓,09-04 20:30:11,1788525011000,0.0102735,0.0000,-,0.011415,0.0102735
resident,新1%,ROBOUSDT,R,LONG,平仓,09-04 20:30:12,1788525012000,0.0109584,0.6567,路线A,0.011415,0.0102735
resident,新1%,ROBOUSDT,R,LONG,开仓,09-04 20:30:12,1788525012000,0.009954,0.0000,-,0.01106,0.009954
resident,新1%,ROBOUSDT,R,LONG,平仓,09-04 20:30:13,1788525013000,0.0106176,0.6567,路线A,0.01106,0.009954
resident,新2%,ROBOUSDT,R,LONG,开仓,09-04 20:30:11,1788525011000,0.0102735,0.0000,-,0.011415,0.0102735
resident,新2%,ROBOUSDT,R,LONG,平仓,09-04 20:30:12,1788525012000,0.0109584,0.6567,路线A,0.011415,0.0102735
resident,新2%,ROBOUSDT,R,LONG,开仓,09-04 20:30:12,1788525012000,0.009954,0.0000,-,0.01106,0.009954
resident,新2%,ROBOUSDT,R,LONG,平仓,09-04 20:30:13,1788525013000,0.0106176,0.6567,路线A,0.01106,0.009954
resident,旧2%,SCRUSDT,R,LONG,开仓,09-04 16:00:08,1788508808000,0.0205335,0.0000,-,0.022815,0.0205335
resident,旧2%,SCRUSDT,R,LONG,平仓,09-04 16:00:09,1788508809000,0.021560175,0.4900,路线A,0.022815,0.0205335
resident,旧1%,SCRUSDT,R,LONG,开仓,09-04 16:00:08,1788508808000,0.0205605,0.0000,-,0.022845,0.0205605
resident,旧1%,SCRUSDT,R,LONG,平仓,09-04 16:00:09,1788508809000,0.021588525,0.4900,路线A,0.022845,0.0205605
resident,新1%,SCRUSDT,R,LONG,开仓,09-04 16:00:08,1788508808000,0.0205605,0.0000,-,0.022845,0.0205605
resident,新1%,SCRUSDT,R,LONG,平仓,09-04 16:00:10,1788508810000,0.0214743,0.4344,B利润带,0.022845,0.0205605
resident,新2%,SCRUSDT,R,LONG,开仓,09-04 16:00:08,1788508808000,0.0205335,0.0000,-,0.022815,0.0205335
resident,新2%,SCRUSDT,R,LONG,平仓,09-04 16:00:10,1788508810000,0.0214461,0.4344,B利润带,0.022815,0.0205335
exp11,新1%,SCRUSDT,R,LONG,开仓,09-04 16:00:08,1788508808000,0.01941825,0.0000,-,0.022845,0.01941825
exp11,新1%,SCRUSDT,R,LONG,平仓,09-04 16:00:10,1788508810000,0.0214743,0.3146,B利润带,0.022845,0.01941825
resident,旧2%,TOWNSUSDT,R,LONG,开仓,09-04 16:00:08,1788508808000,0.0021834,0.0000,-,0.002426,0.0021834
resident,旧2%,TOWNSUSDT,R,LONG,平仓,09-04 16:00:09,1788508809000,0.00229257,0.4900,路线A,0.002426,0.0021834
resident,旧2%,TOWNSUSDT,R,LONG,开仓,09-05 04:06:20,1788552380000,0.0020394,0.0000,-,0.002266,0.0020394
resident,旧2%,TOWNSUSDT,R,LONG,平仓,09-05 04:06:21,1788552381000,0.00214137,0.4900,路线A,0.002266,0.0020394
resident,旧1%,TOWNSUSDT,R,LONG,开仓,09-04 16:00:08,1788508808000,0.0021942,0.0000,-,0.002438,0.0021942
resident,旧1%,TOWNSUSDT,R,LONG,平仓,09-04 16:00:09,1788508809000,0.00230391,0.4900,路线A,0.002438,0.0021942
resident,旧1%,TOWNSUSDT,R,LONG,开仓,09-05 04:06:20,1788552380000,0.0020394,0.0000,-,0.002266,0.0020394
resident,旧1%,TOWNSUSDT,R,LONG,平仓,09-05 04:06:21,1788552381000,0.00214137,0.4900,路线A,0.002266,0.0020394
resident,新1%,TOWNSUSDT,R,LONG,开仓,09-04 16:00:08,1788508808000,0.0021942,0.0000,-,0.002438,0.0021942
resident,新1%,TOWNSUSDT,R,LONG,平仓,09-04 16:00:10,1788508810000,0.00229172,0.4344,B利润带,0.002438,0.0021942
resident,新1%,TOWNSUSDT,R,LONG,开仓,09-05 04:06:20,1788552380000,0.0020394,0.0000,-,0.002266,0.0020394
resident,新1%,TOWNSUSDT,R,LONG,平仓,09-05 04:06:21,1788552381000,0.00217536,0.6567,路线A,0.002266,0.0020394
resident,新2%,TOWNSUSDT,R,LONG,开仓,09-04 16:00:08,1788508808000,0.0021834,0.0000,-,0.002426,0.0021834
resident,新2%,TOWNSUSDT,R,LONG,平仓,09-04 16:00:09,1788508809000,0.00232896,0.6567,路线A,0.002426,0.0021834
resident,新2%,TOWNSUSDT,R,LONG,开仓,09-05 04:06:20,1788552380000,0.0020394,0.0000,-,0.002266,0.0020394
resident,新2%,TOWNSUSDT,R,LONG,平仓,09-05 04:06:21,1788552381000,0.00217536,0.6567,路线A,0.002266,0.0020394
resident,旧2%,TRUMPUSDT,R,LONG,开仓,09-04 20:30:10,1788525010000,2.1051,0.0000,-,2.339,2.1051
resident,旧2%,TRUMPUSDT,R,LONG,平仓,09-04 20:30:11,1788525011000,2.210355,0.4900,路线A,2.339,2.1051
resident,旧1%,TRUMPUSDT,R,LONG,开仓,09-04 20:30:10,1788525010000,2.1051,0.0000,-,2.339,2.1051
resident,旧1%,TRUMPUSDT,R,LONG,平仓,09-04 20:30:11,1788525011000,2.210355,0.4900,路线A,2.339,2.1051
resident,新1%,TRUMPUSDT,R,LONG,开仓,09-04 20:30:10,1788525010000,2.1051,0.0000,-,2.339,2.1051
resident,新1%,TRUMPUSDT,R,LONG,平仓,09-04 20:30:11,1788525011000,2.24544,0.6567,路线A,2.339,2.1051
resident,新2%,TRUMPUSDT,R,LONG,开仓,09-04 20:30:10,1788525010000,2.1051,0.0000,-,2.339,2.1051
resident,新2%,TRUMPUSDT,R,LONG,平仓,09-04 20:30:11,1788525011000,2.24544,0.6567,路线A,2.339,2.1051
exp11,旧,TRUMPUSDT,R,LONG,开仓,09-04 20:30:10,1788525010000,1.98815,0.0000,-,2.339,1.98815
exp11,旧,TRUMPUSDT,R,LONG,平仓,09-04 20:30:11,1788525011000,2.22205,0.3499,路线A,2.339,1.98815
exp11,新1%,TRUMPUSDT,R,LONG,开仓,09-04 20:30:10,1788525010000,1.98815,0.0000,-,2.339,1.98815
exp11,新1%,TRUMPUSDT,R,LONG,平仓,09-04 20:30:11,1788525011000,2.24544,0.3852,路线A,2.339,1.98815
resident,旧2%,TUTUSDT,R,LONG,开仓,09-01 16:13:53,1788250433000,0.0270495,0.0000,-,0.030055,0.0270495
resident,旧2%,TUTUSDT,R,LONG,平仓,09-01 16:14:34,1788250474000,0.028401975,0.4930,TP限价,0.030055,0.0270495
resident,旧1%,TUTUSDT,R,LONG,开仓,09-01 16:13:53,1788250433000,0.026937,0.0000,-,0.02993,0.026937
resident,旧1%,TUTUSDT,R,LONG,平仓,09-01 16:14:33,1788250473000,0.02828385,0.4930,TP限价,0.02993,0.026937
resident,新1%,TUTUSDT,R,LONG,开仓,09-01 16:13:53,1788250433000,0.026937,0.0000,-,0.02993,0.026937
resident,新1%,TUTUSDT,R,LONG,平仓,09-01 16:13:57,1788250437000,0.026745,-0.0813,B反转撤退,0.02993,0.026937
resident,新2%,TUTUSDT,R,LONG,开仓,09-01 16:13:53,1788250433000,0.0270495,0.0000,-,0.030055,0.0270495
resident,新2%,TUTUSDT,R,LONG,平仓,09-01 16:13:57,1788250437000,0.026745,-0.1226,B反转撤退,0.030055,0.0270495
resident,旧2%,AKEUSDT,R,SHORT,开仓,09-03 05:44:11,1788385451000,0.03507075,0.0000,-,0.0318825,0.03507075
resident,旧2%,AKEUSDT,R,SHORT,平仓,09-03 05:44:11,1788385451000,0.033317213,0.4900,路线A(同秒),0.0318825,0.03507075
resident,旧2%,AKEUSDT,R,SHORT,开仓,09-03 05:44:17,1788385457000,0.03841585,0.0000,-,0.0349235,0.03841585
resident,旧2%,AKEUSDT,R,SHORT,平仓,09-03 05:44:17,1788385457000,0.036495057,0.4900,路线A(同秒),0.0349235,0.03841585
resident,旧2%,AKEUSDT,R,SHORT,开仓,09-03 05:44:22,1788385462000,0.04101405,0.0000,-,0.0372855,0.04101405
resident,旧2%,AKEUSDT,R,SHORT,平仓,09-03 05:44:25,1788385465000,0.038963348,0.4900,路线A,0.0372855,0.04101405
resident,旧2%,AKEUSDT,R,LONG,开仓,09-03 05:44:28,1788385468000,0.0345222,0.0000,-,0.038358,0.0345222
resident,旧2%,AKEUSDT,R,LONG,平仓,09-03 05:44:29,1788385469000,0.03624831,0.4900,路线A,0.038358,0.0345222
resident,旧2%,AKEUSDT,R,SHORT,开仓,09-03 05:44:55,1788385495000,0.03802315,0.0000,-,0.0345665,0.03802315
resident,旧2%,AKEUSDT,R,SHORT,平仓,09-03 05:44:58,1788385498000,0.036121993,0.4900,路线A,0.0345665,0.03802315
resident,旧2%,AKEUSDT,R,SHORT,开仓,09-03 05:56:11,1788386171000,0.02074545,0.0000,-,0.0188595,0.02074545
resident,旧2%,AKEUSDT,R,SHORT,平仓,09-03 05:56:25,1788386185000,0.019708178,0.4930,TP限价,0.0188595,0.02074545
resident,旧1%,AKEUSDT,R,SHORT,开仓,09-03 05:44:11,1788385451000,0.03507075,0.0000,-,0.0318825,0.03507075
resident,旧1%,AKEUSDT,R,SHORT,平仓,09-03 05:44:11,1788385451000,0.033317213,0.4900,路线A(同秒),0.0318825,0.03507075
resident,旧1%,AKEUSDT,R,SHORT,开仓,09-03 05:44:17,1788385457000,0.03841585,0.0000,-,0.0349235,0.03841585
resident,旧1%,AKEUSDT,R,SHORT,平仓,09-03 05:44:17,1788385457000,0.036495057,0.4900,路线A(同秒),0.0349235,0.03841585
resident,旧1%,AKEUSDT,R,SHORT,开仓,09-03 05:44:22,1788385462000,0.04101405,0.0000,-,0.0372855,0.04101405
resident,旧1%,AKEUSDT,R,SHORT,平仓,09-03 05:44:25,1788385465000,0.038963348,0.4900,路线A,0.0372855,0.04101405
resident,旧1%,AKEUSDT,R,LONG,开仓,09-03 05:44:28,1788385468000,0.0345222,0.0000,-,0.038358,0.0345222
resident,旧1%,AKEUSDT,R,LONG,平仓,09-03 05:44:29,1788385469000,0.03624831,0.4900,路线A,0.038358,0.0345222
resident,旧1%,AKEUSDT,R,SHORT,开仓,09-03 05:44:55,1788385495000,0.03802315,0.0000,-,0.0345665,0.03802315
resident,旧1%,AKEUSDT,R,SHORT,平仓,09-03 05:44:58,1788385498000,0.036121993,0.4900,路线A,0.0345665,0.03802315
resident,旧1%,AKEUSDT,R,SHORT,开仓,09-03 05:56:11,1788386171000,0.02112825,0.0000,-,0.0192075,0.02112825
resident,旧1%,AKEUSDT,R,SHORT,平仓,09-03 05:56:16,1788386176000,0.020071838,0.4930,TP限价,0.0192075,0.02112825
resident,新1%,AKEUSDT,R,SHORT,开仓,09-03 05:44:11,1788385451000,0.03507075,0.0000,-,0.0318825,0.03507075
resident,新1%,AKEUSDT,R,SHORT,平仓,09-03 05:44:11,1788385451000,0.0331578,0.5355,路线A(同秒),0.0318825,0.03507075
resident,新1%,AKEUSDT,R,SHORT,开仓,09-03 05:44:17,1788385457000,0.03841585,0.0000,-,0.0349235,0.03841585
resident,新1%,AKEUSDT,R,SHORT,平仓,09-03 05:44:17,1788385457000,0.03632044,0.5355,路线A(同秒),0.0349235,0.03841585
resident,新1%,AKEUSDT,R,SHORT,开仓,09-03 05:44:22,1788385462000,0.04101405,0.0000,-,0.0372855,0.04101405
resident,新1%,AKEUSDT,R,SHORT,平仓,09-03 05:44:24,1788385464000,0.03952263,0.3536,B利润带,0.0372855,0.04101405
resident,新1%,AKEUSDT,R,SHORT,开仓,09-03 05:44:25,1788385465000,0.0441595,0.0000,-,0.040145,0.0441595
resident,新1%,AKEUSDT,R,SHORT,平仓,09-03 05:44:25,1788385465000,0.0417508,0.5355,路线A(同秒),0.040145,0.0441595
resident,新1%,AKEUSDT,R,LONG,开仓,09-03 05:44:28,1788385468000,0.0345222,0.0000,-,0.038358,0.0345222
resident,新1%,AKEUSDT,R,LONG,平仓,09-03 05:44:29,1788385469000,0.03682368,0.6567,路线A,0.038358,0.0345222
resident,新1%,AKEUSDT,R,SHORT,开仓,09-03 05:44:55,1788385495000,0.03802315,0.0000,-,0.0345665,0.03802315
resident,新1%,AKEUSDT,R,SHORT,平仓,09-03 05:44:58,1788385498000,0.03664049,0.3536,B利润带,0.0345665,0.03802315
resident,新1%,AKEUSDT,R,SHORT,开仓,09-03 05:56:11,1788386171000,0.02112825,0.0000,-,0.0192075,0.02112825
resident,新1%,AKEUSDT,R,SHORT,平仓,09-03 05:56:16,1788386176000,0.02035995,0.3536,B利润带,0.0192075,0.02112825
resident,新2%,AKEUSDT,R,SHORT,开仓,09-03 05:44:11,1788385451000,0.03507075,0.0000,-,0.0318825,0.03507075
resident,新2%,AKEUSDT,R,SHORT,平仓,09-03 05:44:11,1788385451000,0.0331578,0.5355,路线A(同秒),0.0318825,0.03507075
resident,新2%,AKEUSDT,R,SHORT,开仓,09-03 05:44:17,1788385457000,0.03841585,0.0000,-,0.0349235,0.03841585
resident,新2%,AKEUSDT,R,SHORT,平仓,09-03 05:44:17,1788385457000,0.03632044,0.5355,路线A(同秒),0.0349235,0.03841585
resident,新2%,AKEUSDT,R,SHORT,开仓,09-03 05:44:22,1788385462000,0.04101405,0.0000,-,0.0372855,0.04101405
resident,新2%,AKEUSDT,R,SHORT,平仓,09-03 05:44:24,1788385464000,0.03952263,0.3536,B利润带,0.0372855,0.04101405
resident,新2%,AKEUSDT,R,SHORT,开仓,09-03 05:44:25,1788385465000,0.0441595,0.0000,-,0.040145,0.0441595
resident,新2%,AKEUSDT,R,SHORT,平仓,09-03 05:44:25,1788385465000,0.0417508,0.5355,路线A(同秒),0.040145,0.0441595
resident,新2%,AKEUSDT,R,LONG,开仓,09-03 05:44:28,1788385468000,0.0345222,0.0000,-,0.038358,0.0345222
resident,新2%,AKEUSDT,R,LONG,平仓,09-03 05:44:29,1788385469000,0.03682368,0.6567,路线A,0.038358,0.0345222
resident,新2%,AKEUSDT,R,SHORT,开仓,09-03 05:44:55,1788385495000,0.03802315,0.0000,-,0.0345665,0.03802315
resident,新2%,AKEUSDT,R,SHORT,平仓,09-03 05:44:58,1788385498000,0.03664049,0.3536,B利润带,0.0345665,0.03802315
resident,新2%,AKEUSDT,R,SHORT,开仓,09-03 05:56:11,1788386171000,0.02074545,0.0000,-,0.0188595,0.02074545
resident,新2%,AKEUSDT,R,SHORT,平仓,09-03 05:56:14,1788386174000,0.021166,-0.2127,B反转撤退,0.0188595,0.02074545
exp11,旧,AKEUSDT,R,SHORT,开仓,09-03 05:44:11,1788385451000,0.036664875,0.0000,-,0.0318825,0.036664875
exp11,旧,AKEUSDT,R,SHORT,平仓,09-03 05:44:11,1788385451000,0.033476625,0.2579,路线A(同秒),0.0318825,0.036664875
exp11,新1%,AKEUSDT,R,SHORT,开仓,09-03 05:44:11,1788385451000,0.036664875,0.0000,-,0.0318825,0.036664875
exp11,新1%,AKEUSDT,R,SHORT,平仓,09-03 05:44:11,1788385451000,0.0331578,0.2840,路线A(同秒),0.0318825,0.036664875
resident,旧2%,BULLAUSDT,R,SHORT,开仓,09-05 10:59:14,1788577154000,0.040469,0.0000,-,0.0361425,0.03975675
resident,旧2%,BULLAUSDT,R,SHORT,平仓,09-05 11:00:09,1788577209000,0.0445159,-1.0100,SL/保本,0.0361425,0.03975675
resident,旧1%,BULLAUSDT,R,SHORT,开仓,09-05 10:59:14,1788577154000,0.040469,0.0000,-,0.0364555,0.04010105
resident,旧1%,BULLAUSDT,R,SHORT,平仓,09-05 11:00:09,1788577209000,0.0445159,-1.0100,SL/保本,0.0364555,0.04010105
resident,旧1%,BULLAUSDT,R,SHORT,开仓,09-05 13:06:14,1788584774000,0.06885175,0.0000,-,0.0625925,0.06885175
resident,旧1%,BULLAUSDT,R,SHORT,平仓,09-05 13:06:31,1788584791000,0.065409163,0.4930,TP限价,0.0625925,0.06885175
resident,新1%,BULLAUSDT,R,SHORT,开仓,09-05 10:59:14,1788577154000,0.040469,0.0000,-,0.0364555,0.04010105
resident,新1%,BULLAUSDT,R,SHORT,平仓,09-05 10:59:20,1788577160000,0.0411895,-0.1880,B反转撤退,0.0364555,0.04010105
resident,新1%,BULLAUSDT,R,SHORT,开仓,09-05 13:06:14,1788584774000,0.06885175,0.0000,-,0.0625925,0.06885175
resident,新1%,BULLAUSDT,R,SHORT,平仓,09-05 13:06:16,1788584776000,0.06634805,0.3536,B利润带,0.0625925,0.06885175
resident,新2%,BULLAUSDT,R,SHORT,开仓,09-05 10:59:14,1788577154000,0.040469,0.0000,-,0.0361425,0.03975675
resident,新2%,BULLAUSDT,R,SHORT,平仓,09-05 10:59:20,1788577160000,0.0411895,-0.1880,B反转撤退,0.0361425,0.03975675
